Rangkuman Posisi Terbuka,,,,,,,,,,,,,,,,,,,,,,,,,,,,,,,,,,,,,,,,,,,,,,,,,,,,,,,
,Nama,Simbol,Bursa,Jenis,Jumlah,Harga Rata-Rata,Hrg Skrg,Perpanjangan Waktu,Perpanjangan Waktu (%),Sblm.,Nilai Pasar,Komisi,Bobot,P/L Harian,P/L Harian %,P/L Bersih%,P/L Bersih,Tanggal Penghasilan Berikutnya,Bursa,Terakhir,Bid,Ask,Perpanjangan Waktu,Perpanjangan Waktu (%),Pembukaan,Sblm.,Tertinggi,Terendah,Prb.,Prb.%,Vol.,Tanggal Penghasilan Berikutnya,Waktu,Market Cap,Pendapatan,Vol.Rata-Rata (3bln),EPS,Rasio P/E,Beta,Dividen,Imbal Hasil,5 Menit,15 Menit,30 Menit,Per Jam,5 Jam,Harian,Mingguan,Bulanan,Harian,1 Minggu,1 Bulan,YTD,1 Tahun,3 Tahun
,,,,,,,,,,,,,,,,,,,,,,,,,,,,,,,,,,,,,,,,,,,,,,,,,,,,,,,
Nilai Pasar,"$0,00",,,,,,,,,,,,,,,,,,,,,,,,,,,,,,,,,,,,,,,,,,,,,,,,,,,,,,
P/L Terbuka,"$0,00 / 0,00%",,,,,,,,,,,,,,,,,,,,,,,,,,,,,,,,,,,,,,,,,,,,,,,,,,,,,,
P/L Harian,"-$5.133.018.980.802,49 / -0,12%",,,,,,,,,,,,,,,,,,,,,,,,,,,,,,,,,,,,,,,,,,,,,,,,,,,,,,
P/L Total,"$4.701.125.882.659,66",,,,,,,,,,,,,,,,,,,,,,,,,,,,,,,,,,,,,,,,,,,,,,,,,,,,,,
,,,,,,,,,,,,,,,,,,,,,,,,,,,,,,,,,,,,,,,,,,,,,,,,,,,,,,,
,,,,,,,,,,,,,,,,,,,,,,,,,,,,,,,,,,,,,,,,,,,,,,,,,,,,,,,
Posisi Terbuka,,,,,,,,,,,,,,,,,,,,,,,,,,,,,,,,,,,,,,,,,,,,,,,,,,,,,,,
,Nama,Simbol,Bursa,Tgl Buka,Jenis,Jumlah,Harga Pembukaan,Hrg Skrg,Perpanjangan Waktu,Perpanjangan Waktu (%),Sblm.,Nilai Pasar,Komisi,P/L Bersih%,Bobot,P/L Harian,P/L Harian %,P/L Bersih,Tanggal Penghasilan Berikutnya,,,,,,,,,,,,,,,,,,,,,,,,,,,,,,,,,,,,
,,,,,,,,,,,,,,,,,,,,,,,,,,,,,,,,,,,,,,,,,,,,,,,,,,,,,,,
,,,,,,,,,,,,,,,,,,,,,,,,,,,,,,,,,,,,,,,,,,,,,,,,,,,,,,,
Posisi Tertutup,,,,,,,,,,,,,,,,,,,,,,,,,,,,,,,,,,,,,,,,,,,,,,,,,,,,,,,
,Nama,Simbol,Bursa,Tanggal Pembukaan,Jenis,Jumlah,Harga Pembukaan,Tanggal Penutupan,Harga Penutupan,Untung%,P/L Bersih,,,,,,,,,,,,,,,,,,,,,,,,,,,,,,,,,,,,,,,,,,,,
,BTC/RUB,BTC/RUB,Exmo,3/24/2021,Jual,100000000,4.161.530,3/24/2021,4.187.675,#VALUE!,"-$34.354.530.000,00",,,,,,,,,,,,,,,,,,,,,,,,,,,,,,,,,,,,,,,,,,,,
,BTC/SAR,BTC/SAR,Synthetic,3/24/2021,Jual,100000000,"211.386,0",3/24/2021,"212.910,7",#VALUE!,"-$40.663.749.000,00",,,,,,,,,,,,,,,,,,,,,,,,,,,,,,,,,,,,,,,,,,,,
,BTC/SAR,BTC/SAR,Synthetic,3/24/2021,Jual,200000000,"211.463,2",3/24/2021,"212.910,7",#VALUE!,"-$77.209.650.000,00",,,,,,,,,,,,,,,,,,,,,,,,,,,,,,,,,,,,,,,,,,,,
,BTC/JPY,BTC/JPY,bitFlyer,3/24/2021,Jual,100000000,6.131.347,3/24/2021,6.170.699,#VALUE!,"-$36.203.840.000,00",,,,,,,,,,,,,,,,,,,,,,,,,,,,,,,,,,,,,,,,,,,,
,BTC/JPY,BTC/JPY,bitFlyer,3/24/2021,Jual,200000000,6.130.000,3/24/2021,6.170.699,#VALUE!,"-$74.886.160.000,00",,,,,,,,,,,,,,,,,,,,,,,,,,,,,,,,,,,,,,,,,,,,
,BTC/KRW,BTC/KRW,Bithumb,3/24/2021,Jual,100000000,67.268.000,3/24/2021,67.701.000,#VALUE!,"-$38.277.200.000,00",,,,,,,,,,,,,,,,,,,,,,,,,,,,,,,,,,,,,,,,,,,,
,BTC/KRW,BTC/KRW,Bithumb,3/24/2021,Jual,200000000,67.288.000,3/24/2021,67.701.000,#VALUE!,"-$73.018.400.000,00",,,,,,,,,,,,,,,,,,,,,,,,,,,,,,,,,,,,,,,,,,,,
,BTC/RUB,BTC/RUB,Exmo,3/24/2021,Jual,200000000,4.160.559,3/24/2021,4.187.623,#VALUE!,"-$71.124.192.000,00",,,,,,,,,,,,,,,,,,,,,,,,,,,,,,,,,,,,,,,,,,,,
,BTC/GBP,BTC/GBP,Coinbase Pro,3/24/2021,Jual,200000000,"41.160,4",3/24/2021,"41.456,2",#VALUE!,"-$81.191.184.000,00",,,,,,,,,,,,,,,,,,,,,,,,,,,,,,,,,,,,,,,,,,,,
,Bitcoin IDR Index,BTC/IDR,Investing.com,3/24/2021,Jual,1000000000,829.059.532,3/24/2021,832.960.141,#VALUE!,"-$2.700.391.610,70",,,,,,,,,,,,,,,,,,,,,,,,,,,,,,,,,,,,,,,,,,,,
,Bitcoin IDR Index,BTC/IDR,Investing.com,3/24/2021,Jual,1000000000,828.713.603,3/24/2021,832.960.141,#VALUE!,"-$2.939.878.257,40",,,,,,,,,,,,,,,,,,,,,,,,,,,,,,,,,,,,,,,,,,,,
,Bitcoin IDR Index,BTC/IDR,Investing.com,3/24/2021,Jual,1000000000,828.359.700,3/24/2021,832.960.141,#VALUE!,"-$3.184.885.304,30",,,,,,,,,,,,,,,,,,,,,,,,,,,,,,,,,,,,,,,,,,,,
,Bitcoin IDR Index,BTC/IDR,Investing.com,3/24/2021,Jual,1000000000,826.521.380,3/24/2021,832.960.141,#VALUE!,"-$4.457.554.240,30",,,,,,,,,,,,,,,,,,,,,,,,,,,,,,,,,,,,,,,,,,,,
,BTC/USD,BTC/USD,Bitfinex,3/24/2021,Beli,1000000000,"56.442,0",3/24/2021,"56.880,0","77,60%","$438.000.000.000,00",,,,,,,,,,,,,,,,,,,,,,,,,,,,,,,,,,,,,,,,,,,,
,Bitcoin,BTC/USD,Investing.com,3/24/2021,Beli,1000000000,"56.444,7",3/24/2021,"56.863,7","0,74%","$418.999.999.970,00",,,,,,,,,,,,,,,,,,,,,,,,,,,,,,,,,,,,,,,,,,,,
,Bitcoin,BTC/USD,Investing.com,3/24/2021,Beli,1000000000,"56.171,3",3/24/2021,"56.874,3","1,25%","$702.999.999.970,00",,,,,,,,,,,,,,,,,,,,,,,,,,,,,,,,,,,,,,,,,,,,
,EUR/IDR,EUR/IDR,FX,3/24/2021,Beli,1000000000,"17.068,4",3/24/2021,"17.069,1","0,21%","$484,61",,,,,,,,,,,,,,,,,,,,,,,,,,,,,,,,,,,,,,,,,,,,
,BTC/GBP,BTC/GBP,Coinbase Pro,3/24/2021,Jual,100000000,"41.142,9",3/24/2021,"41.240,2",#VALUE!,"-$13.342.749.000,04",,,,,,,,,,,,,,,,,,,,,,,,,,,,,,,,,,,,,,,,,,,,
,BTC/USD,BTC/USD,Bitfinex,3/24/2021,Beli,1000000000,"56.481,0",3/24/2021,"56.472,0",#VALUE!,"-$9.000.000.000,39",,,,,,,,,,,,,,,,,,,,,,,,,,,,,,,,,,,,,,,,,,,,
,IDR/JPY,IDR/JPY,FX,3/24/2021,Beli,1000000000,"7,514",3/24/2021,"7,509",#VALUE!,"-$46,08",,,,,,,,,,,,,,,,,,,,,,,,,,,,,,,,,,,,,,,,,,,,
,Bitcoin,BTC/USD,Investing.com,3/24/2021,Jual,100000000,"54.385,8",3/24/2021,"54.091,6","0,54%","$29.420.000.000,00",,,,,,,,,,,,,,,,,,,,,,,,,,,,,,,,,,,,,,,,,,,,
,Bitcoin,BTC/USD,Investing.com,3/24/2021,Jual,100000000,"54.198,5",3/24/2021,"54.037,9","0,30%","$16.060.000.000,00",,,,,,,,,,,,,,,,,,,,,,,,,,,,,,,,,,,,,,,,,,,,
,BTC/IDR,BTC/IDR,Luno,3/24/2021,Beli,1000000,802.399.000,3/24/2021,799.255.000,#VALUE!,"-$2.177.848,80",,,,,,,,,,,,,,,,,,,,,,,,,,,,,,,,,,,,,,,,,,,,
,BTC/USD,BTC/USD,Bitfinex,3/24/2021,Beli,500000,"54.507,0",3/24/2021,"54.115,0",#VALUE!,"-$196.000.000,00",,,,,,,,,,,,,,,,,,,,,,,,,,,,,,,,,,,,,,,,,,,,
,BTC/IDR,BTC/IDR,BitcoinIndonesia,3/24/2021,Jual,100000000,803.061.000,3/24/2021,802.721.000,"4,23%","$23.551.799,99",,,,,,,,,,,,,,,,,,,,,,,,,,,,,,,,,,,,,,,,,,,,
,BTC/IDR,BTC/IDR,BitcoinIndonesia,3/24/2021,Jual,1000000,803.062.000,3/24/2021,802.720.000,"4,26%","$236.903,40",,,,,,,,,,,,,,,,,,,,,,,,,,,,,,,,,,,,,,,,,,,,
,BTC/RUB,BTC/RUB,Exmo,3/24/2021,Jual,100000000,4.037.652,3/24/2021,4.033.637,"9,94%","$5.223.514.999,50",,,,,,,,,,,,,,,,,,,,,,,,,,,,,,,,,,,,,,,,,,,,
,BTC/AUD,BTC/AUD,BTC Markets,3/24/2021,Jual,100000000,"71.720,0",3/24/2021,"71.500,7","30,58%","$16.662.409.995,39",,,,,,,,,,,,,,,,,,,,,,,,,,,,,,,,,,,,,,,,,,,,
,BTC/GBP,BTC/GBP,Coinbase Pro,3/24/2021,Jual,100000000,"39.650,0",3/24/2021,"39.502,1","37,30%","$20.271.169.995,38",,,,,,,,,,,,,,,,,,,,,,,,,,,,,,,,,,,,,,,,,,,,
,BTC/SAR,BTC/SAR,Synthetic,3/24/2021,Jual,100000000,"204.055,9",3/24/2021,"203.083,3","47,66%","$25.929.519.999,24",,,,,,,,,,,,,,,,,,,,,,,,,,,,,,,,,,,,,,,,,,,,
,BTC/JPY,BTC/JPY,bitFlyer,3/24/2021,Jual,100000000,5.909.784,3/24/2021,5.879.594,"51,08%","$27.823.103.994,53",,,,,,,,,,,,,,,,,,,,,,,,,,,,,,,,,,,,,,,,,,,,
,BTC/CAD,BTC/CAD,Kraken,3/24/2021,Jual,100000000,"68.751,4",3/24/2021,"68.283,4","680,71%","$37.145.159.998,31",,,,,,,,,,,,,,,,,,,,,,,,,,,,,,,,,,,,,,,,,,,,
,BTC/EUR,BTC/EUR,Kraken,3/24/2021,Jual,100000000,"46.031,8",3/24/2021,"45.758,7","593,29%","$32.345.959.999,47",,,,,,,,,,,,,,,,,,,,,,,,,,,,,,,,,,,,,,,,,,,,
,Bitcoin,BTC/USD,Investing.com,3/24/2021,Jual,400000000,"54.315,0",3/24/2021,"54.116,4","0,37%","$79.439.999.884,00",,,,,,,,,,,,,,,,,,,,,,,,,,,,,,,,,,,,,,,,,,,,
,BTC/IDR,BTC/IDR,BitcoinIndonesia,3/24/2021,Jual,1000000,803.062.000,3/24/2021,802.721.000,"0,04%","$236.210,70",,,,,,,,,,,,,,,,,,,,,,,,,,,,,,,,,,,,,,,,,,,,
,BTC/IDR,BTC/IDR,BitcoinIndonesia,3/24/2021,Jual,1000000,803.061.000,3/24/2021,802.720.000,"4,25%","$236.210,70",,,,,,,,,,,,,,,,,,,,,,,,,,,,,,,,,,,,,,,,,,,,
,Bitcoin IDR Index,BTC/IDR,Investing.com,3/24/2021,Beli,500000000,805.141.191,3/24/2021,802.567.246,#VALUE!,"-$891.485.850,76",,,,,,,,,,,,,,,,,,,,,,,,,,,,,,,,,,,,,,,,,,,,
,BTC/IDR,BTC/IDR,Luno,3/24/2021,Beli,2000000,802.399.000,3/24/2021,799.253.000,#VALUE!,"-$4.358.468,40",,,,,,,,,,,,,,,,,,,,,,,,,,,,,,,,,,,,,,,,,,,,
,BTC/IDR,BTC/IDR,BitcoinIndonesia,3/24/2021,Beli,1000000,804.979.000,3/24/2021,802.723.000,#VALUE!,"-$1.562.731,20",,,,,,,,,,,,,,,,,,,,,,,,,,,,,,,,,,,,,,,,,,,,
,BTC/IDR,BTC/IDR,BitcoinIndonesia,3/24/2021,Jual,1000000,803.061.000,3/24/2021,802.722.000,"4,22%","$234.825,30",,,,,,,,,,,,,,,,,,,,,,,,,,,,,,,,,,,,,,,,,,,,
,BTC/IDR,BTC/IDR,BitcoinIndonesia,3/24/2021,Beli,100000000,804.977.000,3/24/2021,804.343.000,#VALUE!,"-$43.917.180,00",,,,,,,,,,,,,,,,,,,,,,,,,,,,,,,,,,,,,,,,,,,,
,BTC/IDR,BTC/IDR,BitcoinIndonesia,3/24/2021,Beli,100000000,804.977.000,3/24/2021,804.343.000,#VALUE!,"-$43.917.180,00",,,,,,,,,,,,,,,,,,,,,,,,,,,,,,,,,,,,,,,,,,,,
,BTC/JPY,BTC/JPY,bitFlyer,3/24/2021,Beli,700000,5.903.906,3/24/2021,5.893.163,#VALUE!,"-$69.301.481,55",,,,,,,,,,,,,,,,,,,,,,,,,,,,,,,,,,,,,,,,,,,,
,BTC/IDR,BTC/IDR,BitcoinIndonesia,3/24/2021,Beli,100000000,803.309.000,3/24/2021,804.972.000,"20,70%","$115.196.010,00",,,,,,,,,,,,,,,,,,,,,,,,,,,,,,,,,,,,,,,,,,,,
,BTC/USD,BTC/USD,Bitfinex,3/24/2021,Jual,1000000,"54.480,0",3/24/2021,"54.388,4","16,81%","$91.600.000,00",,,,,,,,,,,,,,,,,,,,,,,,,,,,,,,,,,,,,,,,,,,,
,BTC/JPY,BTC/JPY,bitFlyer,3/24/2021,Jual,700000,5.903.906,3/24/2021,5.897.355,"11,10%","$42.259.518,00",,,,,,,,,,,,,,,,,,,,,,,,,,,,,,,,,,,,,,,,,,,,
,BTC/USD,BTC/USD,Bitfinex,3/24/2021,Jual,500000,"54.553,5",3/24/2021,"54.318,9","43,00%","$117.300.000,00",,,,,,,,,,,,,,,,,,,,,,,,,,,,,,,,,,,,,,,,,,,,
,Bitcoin IDR Index,BTC/IDR,Investing.com,3/24/2021,Beli,500000000,802.951.589,3/24/2021,803.502.798,"0,07%","$190.883.674,31",,,,,,,,,,,,,,,,,,,,,,,,,,,,,,,,,,,,,,,,,,,,
,BTC/IDR,BTC/IDR,BitcoinIndonesia,3/24/2021,Jual,400000000,804.248.000,3/24/2021,803.709.000,"6,70%","$149.324.559,97",,,,,,,,,,,,,,,,,,,,,,,,,,,,,,,,,,,,,,,,,,,,
,BTC/JPY,BTC/JPY,bitFlyer,3/24/2021,Jual,500000,5.903.906,3/24/2021,5.888.264,"264,94%","$72.074.425,41",,,,,,,,,,,,,,,,,,,,,,,,,,,,,,,,,,,,,,,,,,,,
,BTC/USD,BTC/USD,Bitfinex,3/24/2021,Jual,1000000,"54.525,0",3/24/2021,"54.246,0","511,69%","$278.999.999,97",,,,,,,,,,,,,,,,,,,,,,,,,,,,,,,,,,,,,,,,,,,,
,BTC/USD,BTC/USD,Bitfinex,3/24/2021,Jual,100000000,"54.371,0",3/24/2021,"54.320,0","9,38%","$5.099.999.997,24",,,,,,,,,,,,,,,,,,,,,,,,,,,,,,,,,,,,,,,,,,,,
,BTC/USD,BTC/USD,Bitfinex,3/24/2021,Jual,10000000,"54.391,0",3/24/2021,"54.322,0","12,69%","$689.999.999,72",,,,,,,,,,,,,,,,,,,,,,,,,,,,,,,,,,,,,,,,,,,,
,BTC/KRW,BTC/KRW,Bithumb,3/24/2021,Jual,100000000,65.501.000,3/24/2021,65.469.000,"48,85%","$2.825.600.000,00",,,,,,,,,,,,,,,,,,,,,,,,,,,,,,,,,,,,,,,,,,,,
,Bitcoin GBP Index,BTC/GBP,Investing.com,3/24/2021,Jual,1000000000,"39.792,4",3/24/2021,"39.766,3","0,07%","$35.837.900.000,00",,,,,,,,,,,,,,,,,,,,,,,,,,,,,,,,,,,,,,,,,,,,
,Bitcoin IDR Index,BTC/IDR,Investing.com,3/24/2021,Beli,1000000000,800.962.773,3/24/2021,807.352.384,"0,80%","$4.427.361.460,00",,,,,,,,,,,,,,,,,,,,,,,,,,,,,,,,,,,,,,,,,,,,
,Bitcoin IDR Index,BTC/IDR,Investing.com,3/24/2021,Beli,1000000000,800.962.773,3/24/2021,807.350.466,"0,80%","$4.426.032.480,00",,,,,,,,,,,,,,,,,,,,,,,,,,,,,,,,,,,,,,,,,,,,
,BTC/XAU,BTC/XAU,Synthetic,3/24/2021,Jual,1000000000,"315,459",3/24/2021,"315,430","0,92%","$5.022.568.000,00",,,,,,,,,,,,,,,,,,,,,,,,,,,,,,,,,,,,,,,,,,,,
,Indeks Bitcoin Euro,BTC/EUR,Investing.com,3/24/2021,Jual,1000000000,"46.176,9",3/24/2021,"46.162,4","0,03%","$17.179.600.000,00",,,,,,,,,,,,,,,,,,,,,,,,,,,,,,,,,,,,,,,,,,,,
,Bitcoin,BTC/USD,Investing.com,3/24/2021,Jual,1000000000,"54.656,6",3/24/2021,"54.624,1","0,06%","$32.499.999.970,00",,,,,,,,,,,,,,,,,,,,,,,,,,,,,,,,,,,,,,,,,,,,
,Bitcoin IDR Index,BTC/IDR,Investing.com,3/24/2021,Beli,1000000000,800.962.773,3/24/2021,807.325.266,"0,79%","$4.407.935.149,79",,,,,,,,,,,,,,,,,,,,,,,,,,,,,,,,,,,,,,,,,,,,
,Bitcoin IDR Index,BTC/IDR,Investing.com,3/24/2021,Beli,1000000000,800.962.773,3/24/2021,807.250.278,"0,78%","$4.355.983.459,79",,,,,,,,,,,,,,,,,,,,,,,,,,,,,,,,,,,,,,,,,,,,
,BTC/USD,BTC/USD,Bitfinex,3/24/2021,Jual,100000000,"54.555,8",3/24/2021,"54.274,0","51,65%","$28.179.999.970,00",,,,,,,,,,,,,,,,,,,,,,,,,,,,,,,,,,,,,,,,,,,,
,Emas,GCJ1,ICE,3/24/2021,Jual,1000000000,"1.730,50",3/24/2021,"1.731,55",#VALUE!,"-$105.000.000.003,00",,,,,,,,,,,,,,,,,,,,,,,,,,,,,,,,,,,,,,,,,,,,
,Vanguard FTSE All World ex US,VEU,NYSE,3/24/2021,Beli,10000000,"60,36",3/24/2021,"60,36",#VALUE!,"-$10,00",,,,,,,,,,,,,,,,,,,,,,,,,,,,,,,,,,,,,,,,,,,,
,USD/EUR,USD/EUR,FX,3/24/2021,Beli,1000000000,"8,438",3/24/2021,"8,439","4,74%","$118.489,88",,,,,,,,,,,,,,,,,,,,,,,,,,,,,,,,,,,,,,,,,,,,
,JPY/EUR,JPY/EUR,FX,3/24/2021,Beli,1000000000,"77,695",3/24/2021,"77,705","12,87%","$1.184,78",,,,,,,,,,,,,,,,,,,,,,,,,,,,,,,,,,,,,,,,,,,,
,USD/CAD,USD/CAD,FX,3/24/2021,Beli,1000000000,"12,581",3/24/2021,"12,583","6,36%","$158.939,88",,,,,,,,,,,,,,,,,,,,,,,,,,,,,,,,,,,,,,,,,,,,
,USD/AUD,USD/AUD,FX,3/24/2021,Beli,1000000000,"13,101",3/24/2021,"13,118","51,90%","$1.295.909,88",,,,,,,,,,,,,,,,,,,,,,,,,,,,,,,,,,,,,,,,,,,,
,BTC/AUD,BTC/AUD,Luno,3/24/2021,Jual,1000000000,"71.650,9",3/24/2021,"71.794,7",#VALUE!,"-$109.618.740.000,13",,,,,,,,,,,,,,,,,,,,,,,,,,,,,,,,,,,,,,,,,,,,
,USD/RUB,USD/RUB,FX,3/24/2021,Beli,1000000000,"763,260",3/24/2021,"763,799","70,62%","$705.550,88",,,,,,,,,,,,,,,,,,,,,,,,,,,,,,,,,,,,,,,,,,,,
,BTC/EUR,BTC/EUR,Kraken,3/24/2021,Jual,1000000000,"46.010,5",3/24/2021,"45.959,9","109,97%","$59.960.999.999,88",,,,,,,,,,,,,,,,,,,,,,,,,,,,,,,,,,,,,,,,,,,,
,BTC/IDR,BTC/IDR,BitcoinIndonesia,3/24/2021,Jual,10000000,815.000.000,3/24/2021,810.000.000,"613,50%","$34.580.000,00",,,,,,,,,,,,,,,,,,,,,,,,,,,,,,,,,,,,,,,,,,,,
,BTC/CAD,BTC/CAD,Kraken,3/24/2021,Jual,10000000,"69.014,0",3/24/2021,"68.297,8","1.037,76%","$5.691.640.999,88",,,,,,,,,,,,,,,,,,,,,,,,,,,,,,,,,,,,,,,,,,,,
,BTC/BRL,BTC/BRL,MercadoBitcoin,3/24/2021,Jual,10000000,"307.330,0",3/24/2021,"303.700,0","590,57%","$6.573.929.999,88",,,,,,,,,,,,,,,,,,,,,,,,,,,,,,,,,,,,,,,,,,,,
,BTC/USD,BTC/USD,Bitfinex,3/24/2021,Jual,1000000,"55.056,0",3/24/2021,"54.492,0","204,88%","$563.999.999,88",,,,,,,,,,,,,,,,,,,,,,,,,,,,,,,,,,,,,,,,,,,,
,BTC/UAH,BTC/UAH,Exmo,3/24/2021,Jual,10000000,1.528.000,3/24/2021,1.514.901,"857,26%","$4.715.639.999,88",,,,,,,,,,,,,,,,,,,,,,,,,,,,,,,,,,,,,,,,,,,,
,BCH/CAD,BCH/CAD,Synthetic,3/24/2021,Jual,100000000,"647,98",3/24/2021,"644,46","543,23%","$279.730.000,00",,,,,,,,,,,,,,,,,,,,,,,,,,,,,,,,,,,,,,,,,,,,
,BCH/BTC,BCH/BTC,Bittrex,3/24/2021,Beli,1000000000,940,3/24/2021,941,"0,11%","$544.879.999,90",,,,,,,,,,,,,,,,,,,,,,,,,,,,,,,,,,,,,,,,,,,,
,BTC/AUD,BTC/AUD,BTC Markets,3/24/2021,Beli,1000000000,"71.574,6",3/24/2021,"71.564,9",#VALUE!,"-$7.393.340.000,13",,,,,,,,,,,,,,,,,,,,,,,,,,,,,,,,,,,,,,,,,,,,
,BTC/JPY,BTC/JPY,bitFlyer,3/24/2021,Jual,1000000,5.982.569,3/24/2021,5.916.438,"1.105,39%","$608.835.050,88",,,,,,,,,,,,,,,,,,,,,,,,,,,,,,,,,,,,,,,,,,,,
,BTC/RUB,BTC/RUB,Exmo,3/24/2021,Jual,1000000,4.089.052,3/24/2021,4.040.247,"1.193,55%","$638.857.450,00",,,,,,,,,,,,,,,,,,,,,,,,,,,,,,,,,,,,,,,,,,,,
,BTC/GBP,BTC/GBP,Coinbase Pro,3/24/2021,Jual,1000000,"39.958,4",3/24/2021,"39.570,0","388,80%","$534.166.499,88",,,,,,,,,,,,,,,,,,,,,,,,,,,,,,,,,,,,,,,,,,,,
,BTC/EUR,BTC/EUR,Kraken,3/24/2021,Jual,1000000,"46.497,3",3/24/2021,"45.903,5","255,41%","$703.593.599,88",,,,,,,,,,,,,,,,,,,,,,,,,,,,,,,,,,,,,,,,,,,,
,BTC/SAR,BTC/SAR,Synthetic,3/24/2021,Jual,1000000,"206.277,4",3/24/2021,"204.193,6","1.010,19%","$555.541.099,88",,,,,,,,,,,,,,,,,,,,,,,,,,,,,,,,,,,,,,,,,,,,
,BTC/AUD,BTC/AUD,Independent Reserve,3/24/2021,Jual,1000000,"72.553,87",3/24/2021,"71.674,66","1.211,80%","$670.133.900,00",,,,,,,,,,,,,,,,,,,,,,,,,,,,,,,,,,,,,,,,,,,,
,BTC/IDR,BTC/IDR,BitcoinIndonesia,3/24/2021,Jual,1000000000,813.557.000,3/24/2021,810.000.000,"437,22%","$2.460.021.200,00",,,,,,,,,,,,,,,,,,,,,,,,,,,,,,,,,,,,,,,,,,,,
,Bitcoin IDR Index,BTC/IDR,Investing.com,3/24/2021,Beli,1000000000,812.785.831,3/24/2021,810.019.652,#VALUE!,"-$1.913.089.396,40",,,,,,,,,,,,,,,,,,,,,,,,,,,,,,,,,,,,,,,,,,,,
,BTC/IDR,BTC/IDR,Luno,3/24/2021,Jual,1000000000,812.470.000,3/24/2021,810.666.000,"88,82%",,,,,,,,,,,,,,,,,,,,,,,,,,,,,,,,,,,,,,,,,,,,,
,BTC/KRW,BTC/KRW,Bithumb,3/24/2021,Beli,1000000,65.583.000,3/24/2021,65.440.000,#VALUE!,"-$126.126.000,12",,,,,,,,,,,,,,,,,,,,,,,,,,,,,,,,,,,,,,,,,,,,
,BTC/EUR,BTC/EUR,Binance,3/24/2021,Jual,1000000000,"46.424,5",3/24/2021,"45.973,7","971,04%","$534.152.899.999,88",,,,,,,,,,,,,,,,,,,,,,,,,,,,,,,,,,,,,,,,,,,,
,ETH/BTC,ETH/BTC,Poloniex,3/24/2021,Beli,1000000000,"30,996",3/24/2021,"30,713",#VALUE!,"-$15.420.953.000,00",,,,,,,,,,,,,,,,,,,,,,,,,,,,,,,,,,,,,,,,,,,,
,ETH/BTC,ETH/BTC,Coinbene,3/24/2021,Jual,1000000000,"30,992",3/24/2021,"30,993",#VALUE!,"-$54.844.000,00",,,,,,,,,,,,,,,,,,,,,,,,,,,,,,,,,,,,,,,,,,,,
,Bitcoin IDR Index,BTC/IDR,Investing.com,3/24/2021,Beli,1000000000,815.030.105,3/24/2021,812.735.298,#VALUE!,"-$1.586.859.040,50",,,,,,,,,,,,,,,,,,,,,,,,,,,,,,,,,,,,,,,,,,,,
,Bitcoin IDR Index,BTC/IDR,Investing.com,3/24/2021,Jual,1000000000,816.850.695,3/24/2021,816.670.126,"0,02%","$124.917.630,00",,,,,,,,,,,,,,,,,,,,,,,,,,,,,,,,,,,,,,,,,,,,
,ETH/BTC,ETH/BTC,Poloniex,3/24/2021,Jual,1000000000,"30,871",3/24/2021,"30,929",#VALUE!,"-$3.187.912.000,00",,,,,,,,,,,,,,,,,,,,,,,,,,,,,,,,,,,,,,,,,,,,
,EUR/IDR,EUR/IDR,FX,3/24/2021,Jual,1000000000,"17.061,0",3/24/2021,"17.058,1","0,17%","$2.010,00",,,,,,,,,,,,,,,,,,,,,,,,,,,,,,,,,,,,,,,,,,,,
,BTC/USD,BTC/USD,Bitfinex,3/24/2021,Jual,1000000000,"55.456,0",3/24/2021,"55.419,0","33,36%","$36.999.999.999,99",,,,,,,,,,,,,,,,,,,,,,,,,,,,,,,,,,,,,,,,,,,,
,BTC/IDR,BTC/IDR,BitcoinIndonesia,3/24/2021,Beli,2000000,820.184.000,3/24/2021,818.001.000,#VALUE!,"-$3.023.891,60",,,,,,,,,,,,,,,,,,,,,,,,,,,,,,,,,,,,,,,,,,,,
,Bitcoin IDR Index,BTC/IDR,Investing.com,3/24/2021,Beli,1000000000,817.974.735,3/24/2021,817.974.658,#VALUE!,"-$53.330,20",,,,,,,,,,,,,,,,,,,,,,,,,,,,,,,,,,,,,,,,,,,,
,BTC/IDR,BTC/IDR,BitcoinIndonesia,3/24/2021,Jual,100000000,820.216.000,3/24/2021,818.001.000,"27,01%","$153.410.900,00",,,,,,,,,,,,,,,,,,,,,,,,,,,,,,,,,,,,,,,,,,,,
,Bitcoin IDR Index,BTC/IDR,Investing.com,3/24/2021,Jual,100000000,820.106.297,3/24/2021,817.974.735,"0,26%","$147.631.984,00",,,,,,,,,,,,,,,,,,,,,,,,,,,,,,,,,,,,,,,,,,,,
,BTC/IDR,BTC/IDR,BitcoinIndonesia,3/24/2021,Beli,20000,820.184.000,3/24/2021,818.001.000,#VALUE!,"-$30.238,92",,,,,,,,,,,,,,,,,,,,,,,,,,,,,,,,,,,,,,,,,,,,
,BTC/IDR,BTC/IDR,BitcoinIndonesia,3/24/2021,Beli,1000,820.184.000,3/24/2021,818.007.000,#VALUE!,"-$1.507,79",,,,,,,,,,,,,,,,,,,,,,,,,,,,,,,,,,,,,,,,,,,,
,BTC/IDR,BTC/IDR,BitcoinIndonesia,3/24/2021,Beli,1000000000,818.999.000,3/24/2021,820.184.000,"144,69%","$820.731.000,00",,,,,,,,,,,,,,,,,,,,,,,,,,,,,,,,,,,,,,,,,,,,
,BTC/XAU,BTC/XAU,Synthetic,3/24/2021,Jual,100000000,"322,573",3/24/2021,"321,305","0,39%","$21.897.852.800,00",,,,,,,,,,,,,,,,,,,,,,,,,,,,,,,,,,,,,,,,,,,,
,BTC/KRW,BTC/KRW,Bithumb,3/24/2021,Jual,100000000,65.996.000,3/24/2021,65.808.000,"0,28%","$16.600.400.000,00",,,,,,,,,,,,,,,,,,,,,,,,,,,,,,,,,,,,,,,,,,,,
,BTC/GBP,BTC/GBP,Coinbase Pro,3/24/2021,Jual,100000000,"40.533,6",3/24/2021,"40.348,3","0,46%","$25.497.280.000,00",,,,,,,,,,,,,,,,,,,,,,,,,,,,,,,,,,,,,,,,,,,,
,BTC/USD,BTC/USD,Bitfinex,3/24/2021,Jual,100000000,"55.732,0",3/24/2021,"55.475,7","0,46%","$25.630.000.000,00",,,,,,,,,,,,,,,,,,,,,,,,,,,,,,,,,,,,,,,,,,,,
,BTC/USD,BTC/USD,Bitfinex,3/24/2021,Jual,1000000,"55.618,8",3/24/2021,"55.649,0",#VALUE!,"-$30.200.000,00",,,,,,,,,,,,,,,,,,,,,,,,,,,,,,,,,,,,,,,,,,,,
,BTC/IDR,BTC/IDR,Luno,3/24/2021,Jual,1000000,817.117.000,3/24/2021,817.117.000,"0,00%","-$0,00",,,,,,,,,,,,,,,,,,,,,,,,,,,,,,,,,,,,,,,,,,,,
,BTC/USD,BTC/USD,Bitfinex,3/24/2021,Jual,100000,"55.631,0",3/24/2021,"55.619,0","0,02%","$1.200.000,00",,,,,,,,,,,,,,,,,,,,,,,,,,,,,,,,,,,,,,,,,,,,
,Bitcoin,BTC/USD,Investing.com,3/23/2021,Beli,1000000,"55.153,8",3/24/2021,"55.608,1","0,82%","$454.299.997,00",,,,,,,,,,,,,,,,,,,,,,,,,,,,,,,,,,,,,,,,,,,,
,BTC/USD,BTC/USD,Bitfinex,3/24/2021,Jual,10000000,"55.667,0",3/24/2021,"55.631,0","0,06%","$360.000.000,00",,,,,,,,,,,,,,,,,,,,,,,,,,,,,,,,,,,,,,,,,,,,
,Bitcoin,BTC/USD,Investing.com,3/23/2021,Beli,1000000,"55.438,1",3/24/2021,"55.689,5","0,45%","$251.399.999,00",,,,,,,,,,,,,,,,,,,,,,,,,,,,,,,,,,,,,,,,,,,,
,Bitcoin,BTC/USD,Investing.com,3/23/2021,Beli,1000000000,"55.466,6",3/24/2021,"55.700,2","0,42%","$233.599.999.997,00",,,,,,,,,,,,,,,,,,,,,,,,,,,,,,,,,,,,,,,,,,,,
,BTC/USD,BTC/USD,Coinbase Pro,3/23/2021,Beli,100000000,"55.461,0",3/24/2021,"55.723,3","47,29%","$26.229.999.999,99",,,,,,,,,,,,,,,,,,,,,,,,,,,,,,,,,,,,,,,,,,,,
,BTC/USD,BTC/USD,Coinbase Pro,3/23/2021,Beli,10000000,"55.443,8",3/24/2021,"55.684,7","43,45%","$2.409.000.000,00",,,,,,,,,,,,,,,,,,,,,,,,,,,,,,,,,,,,,,,,,,,,
,BTC/IDR,BTC/IDR,Luno,3/23/2021,Jual,100000000,811.011.000,3/24/2021,818.344.000,#VALUE!,"-$508.176.900,01",,,,,,,,,,,,,,,,,,,,,,,,,,,,,,,,,,,,,,,,,,,,
,BTC/USD,BTC/USD,Bitfinex,3/23/2021,Beli,10000000,"55.177,0",3/24/2021,"55.686,0","92,25%","$5.090.000.000,00",,,,,,,,,,,,,,,,,,,,,,,,,,,,,,,,,,,,,,,,,,,,
,ETH/RUB,ETH/RUB,Exmo,3/23/2021,Jual,100000000,"126.355,0",3/24/2021,"126.662,3",#VALUE!,"-$404.099.500,00",,,,,,,,,,,,,,,,,,,,,,,,,,,,,,,,,,,,,,,,,,,,
,ETH/USD,ETH/USD,Binance,3/23/2021,Jual,150000000,"1.709,48",3/24/2021,"1.715,90",#VALUE!,"-$963.000.000,00",,,,,,,,,,,,,,,,,,,,,,,,,,,,,,,,,,,,,,,,,,,,
,BTC/XAU,BTC/XAU,Synthetic,3/23/2021,Jual,1000000,"322,171",3/23/2021,"321,389","24,27%","$135.034.196,00",,,,,,,,,,,,,,,,,,,,,,,,,,,,,,,,,,,,,,,,,,,,
,BTC/XAU,BTC/XAU,Synthetic,3/23/2021,Beli,500000000,"319,512",3/23/2021,"318,893",#VALUE!,"-$53.483.463.635,75",,,,,,,,,,,,,,,,,,,,,,,,,,,,,,,,,,,,,,,,,,,,
,Bitcoin,BTC/USD,Investing.com,3/23/2021,Beli,90000000,"55.041,4",3/23/2021,"54.940,8",#VALUE!,"-$9.054.000.000,00",,,,,,,,,,,,,,,,,,,,,,,,,,,,,,,,,,,,,,,,,,,,
,Bitcoin,BTC/USD,Investing.com,3/23/2021,Beli,10000000,"55.041,4",3/23/2021,"54.933,1",#VALUE!,"-$1.083.000.000,00",,,,,,,,,,,,,,,,,,,,,,,,,,,,,,,,,,,,,,,,,,,,
,Bitcoin GBP Index,BTC/GBP,Investing.com,3/23/2021,Jual,1000000000,"40.018,2",3/23/2021,"39.978,3","0,10%","$55.002.099.586,45",,,,,,,,,,,,,,,,,,,,,,,,,,,,,,,,,,,,,,,,,,,,
,BTC/XAU,BTC/XAU,Synthetic,3/23/2021,Beli,200000000,"319,258",3/23/2021,"318,662",#VALUE!,"-$20.603.481.600,53",,,,,,,,,,,,,,,,,,,,,,,,,,,,,,,,,,,,,,,,,,,,
,Bitcoin IDR Index,BTC/IDR,Investing.com,3/23/2021,Jual,1000000000,815.829.492,3/23/2021,815.430.313,"0,05%","$276.830.639,93",,,,,,,,,,,,,,,,,,,,,,,,,,,,,,,,,,,,,,,,,,,,
,BTC/EUR,BTC/EUR,Kraken,3/23/2021,Jual,1000000,"46.542,1",3/23/2021,"46.477,7","13,84%","$76.455.699,95",,,,,,,,,,,,,,,,,,,,,,,,,,,,,,,,,,,,,,,,,,,,
,Bitcoin AUD Index,BTC/AUD,Investing.com,3/23/2021,Beli,1000000000,"72.041,4",3/23/2021,"72.248,2","0,29%","$158.677.599.693,08",,,,,,,,,,,,,,,,,,,,,,,,,,,,,,,,,,,,,,,,,,,,
,BTC/IDR,BTC/IDR,Luno,3/23/2021,Jual,100000000,810.557.000,3/23/2021,810.557.000,"0,00%","-$0,40",,,,,,,,,,,,,,,,,,,,,,,,,,,,,,,,,,,,,,,,,,,,
,Bitcoin,BTC/USD,Investing.com,3/23/2021,Jual,100000000,"55.160,6",3/23/2021,"55.165,0",#VALUE!,"-$440.000.040,00",,,,,,,,,,,,,,,,,,,,,,,,,,,,,,,,,,,,,,,,,,,,
,EUR/IDR,EUR/IDR,FX,3/23/2021,Beli,1000000000,"17.100,5",3/23/2021,"17.092,6",#VALUE!,"-$5.473,91",,,,,,,,,,,,,,,,,,,,,,,,,,,,,,,,,,,,,,,,,,,,
,BTC/IDR,BTC/IDR,Luno,3/23/2021,Jual,100000000,816.890.000,3/23/2021,812.500.000,"53,74%","$304.095.299,93",,,,,,,,,,,,,,,,,,,,,,,,,,,,,,,,,,,,,,,,,,,,
,Bitcoin,BTC/USD,Investing.com,3/23/2021,Beli,1000000000,"55.377,0",3/23/2021,"55.097,2",#VALUE!,"-$279.800.000.040,00",,,,,,,,,,,,,,,,,,,,,,,,,,,,,,,,,,,,,,,,,,,,
,US 30 Berjangka,1YMc1,,3/23/2021,Beli,1000000000,"32.548,5",3/23/2021,"32.541,0",#VALUE!,"-$75.000.000.006,00",,,,,,,,,,,,,,,,,,,,,,,,,,,,,,,,,,,,,,,,,,,,
,RUB/IDR,RUB/IDR,FX,3/23/2021,Jual,1000000000,"189,57",3/23/2021,"189,50","14,77%","$48,52",,,,,,,,,,,,,,,,,,,,,,,,,,,,,,,,,,,,,,,,,,,,
,IDR/EUR,IDR/EUR,FX,3/23/2021,Jual,1000000000,6,3/23/2021,6,"0,00%","$0,00",,,,,,,,,,,,,,,,,,,,,,,,,,,,,,,,,,,,,,,,,,,,
,Bitcoin IDR Index,BTC/IDR,Investing.com,3/23/2021,Beli,1000000000,808.040.074,3/23/2021,815.886.857,"0,97%","$5.439.389.979,93",,,,,,,,,,,,,,,,,,,,,,,,,,,,,,,,,,,,,,,,,,,,
,Bitcoin IDR Index,BTC/IDR,Investing.com,3/23/2021,Beli,1000000000,807.579.009,3/23/2021,814.299.911,"0,83%","$4.658.929.269,93",,,,,,,,,,,,,,,,,,,,,,,,,,,,,,,,,,,,,,,,,,,,
,Bitcoin JPY Index,BTC/JPY,Investing.com,3/23/2021,Beli,1000000000,5.920.433,3/23/2021,6.004.016,"1,41%","$769.674.055.990,79",,,,,,,,,,,,,,,,,,,,,,,,,,,,,,,,,,,,,,,,,,,,
,Bitcoin JPY Index,BTC/JPY,Investing.com,3/23/2021,Beli,1000000000,5.927.616,3/23/2021,5.944.860,"0,29%","$158.791.373.988,95",,,,,,,,,,,,,,,,,,,,,,,,,,,,,,,,,,,,,,,,,,,,
,Bitcoin,BTC/USD,Investing.com,3/23/2021,Jual,1000000000,"54.510,2",3/23/2021,"54.693,8",#VALUE!,"-$183.600.000.200,01",,,,,,,,,,,,,,,,,,,,,,,,,,,,,,,,,,,,,,,,,,,,
,Bitcoin,BTC/USD,Investing.com,3/23/2021,Jual,1000000000,"54.517,5",3/23/2021,"54.688,3",#VALUE!,"-$170.800.000.200,00",,,,,,,,,,,,,,,,,,,,,,,,,,,,,,,,,,,,,,,,,,,,
,Bitcoin,BTC/USD,Investing.com,3/23/2021,Jual,1000000000,"54.570,3",3/23/2021,"54.601,6",#VALUE!,"-$31.300.000.200,00",,,,,,,,,,,,,,,,,,,,,,,,,,,,,,,,,,,,,,,,,,,,
,Bitcoin,BTC/USD,Investing.com,3/23/2021,Jual,1000000000,"54.552,4",3/23/2021,"54.486,0","0,12%","$66.399.999.600,00",,,,,,,,,,,,,,,,,,,,,,,,,,,,,,,,,,,,,,,,,,,,
,BTC/IDR,BTC/IDR,Luno,3/23/2021,Jual,1000000000,808.000.000,3/23/2021,808.994.000,#VALUE!,"-$687.848.000,10",,,,,,,,,,,,,,,,,,,,,,,,,,,,,,,,,,,,,,,,,,,,
,Bitcoin,BTC/USD,Investing.com,3/23/2021,Jual,1000000,"54.579,9",3/23/2021,"54.476,1","0,19%","$103.799.960,00",,,,,,,,,,,,,,,,,,,,,,,,,,,,,,,,,,,,,,,,,,,,
,Bitcoin RUB Index,BTC/RUB,Investing.com,3/23/2021,Jual,1000000000,4.053.451,3/23/2021,4.038.905,"0,36%","$191.279.899.996,05",,,,,,,,,,,,,,,,,,,,,,,,,,,,,,,,,,,,,,,,,,,,
,BTC/EUR,BTC/EUR,Binance,3/23/2021,Jual,1000000,"45.808,9",3/23/2021,"46.056,4",#VALUE!,"-$294.327.000,00",,,,,,,,,,,,,,,,,,,,,,,,,,,,,,,,,,,,,,,,,,,,
,Bitcoin,BTC/USD,Investing.com,3/23/2021,Jual,1000000,"54.307,9",3/23/2021,"54.632,8",#VALUE!,"-$324.900.001,00",,,,,,,,,,,,,,,,,,,,,,,,,,,,,,,,,,,,,,,,,,,,
,Bitcoin IDR Index,BTC/IDR,Investing.com,3/23/2021,Beli,1000000000,809.006.596,3/23/2021,809.036.220,"0,00%","$20.508.699,93",,,,,,,,,,,,,,,,,,,,,,,,,,,,,,,,,,,,,,,,,,,,
,Bitcoin IDR Index,BTC/IDR,Investing.com,3/23/2021,Beli,100000000,808.972.994,3/23/2021,809.006.596,"0,00%","$2.321.226,00",,,,,,,,,,,,,,,,,,,,,,,,,,,,,,,,,,,,,,,,,,,,
,BTC/EUR,BTC/EUR,Binance,3/23/2021,Jual,1000000,"45.813,2",3/23/2021,"46.077,8",#VALUE!,"-$314.821.080,00",,,,,,,,,,,,,,,,,,,,,,,,,,,,,,,,,,,,,,,,,,,,
,BTC/GBP,BTC/GBP,Coinbase Pro,3/23/2021,Jual,1000000,"39.550,0",3/23/2021,"39.776,3",#VALUE!,"-$311.909.290,00",,,,,,,,,,,,,,,,,,,,,,,,,,,,,,,,,,,,,,,,,,,,
,Bitcoin,BTC/USD,Investing.com,3/23/2021,Jual,1000000,"54.580,5",3/23/2021,"54.571,3","0,02%","$9.199.998,00",,,,,,,,,,,,,,,,,,,,,,,,,,,,,,,,,,,,,,,,,,,,
,Emas,GCJ1,ICE,3/23/2021,Beli,1000000,"1.737,20",3/23/2021,"1.738,25","0,06%","$104.999.997,00",,,,,,,,,,,,,,,,,,,,,,,,,,,,,,,,,,,,,,,,,,,,
,Emas,GCJ1,ICE,3/23/2021,Beli,1000000,"1.737,10",3/23/2021,"1.737,85","0,04%","$74.999.997,00",,,,,,,,,,,,,,,,,,,,,,,,,,,,,,,,,,,,,,,,,,,,
,BTC/IDR,BTC/IDR,Luno,3/23/2021,Jual,100000,805.999.000,3/23/2021,806.000.000,#VALUE!,"-$69,22",,,,,,,,,,,,,,,,,,,,,,,,,,,,,,,,,,,,,,,,,,,,
,BTC/IDR,BTC/IDR,Luno,3/23/2021,Jual,1000000,805.800.000,3/23/2021,805.800.000,"0,00%","-$0,01",,,,,,,,,,,,,,,,,,,,,,,,,,,,,,,,,,,,,,,,,,,,
,Bitcoin IDR Index,BTC/IDR,Investing.com,3/23/2021,Beli,1000000000,807.886.965,3/23/2021,808.241.096,"0,04%","$245.306.540,00",,,,,,,,,,,,,,,,,,,,,,,,,,,,,,,,,,,,,,,,,,,,
,BTC/EUR,BTC/EUR,Coinbase Pro,3/23/2021,Jual,1000000,"45.844,2",3/23/2021,"45.793,7","11,02%","$60.069.700,00",,,,,,,,,,,,,,,,,,,,,,,,,,,,,,,,,,,,,,,,,,,,
,XAU/IDR,XAU/IDR,FX,3/23/2021,Beli,1000000,"250.619,93",3/23/2021,"250.491,42",#VALUE!,"-$89,24",,,,,,,,,,,,,,,,,,,,,,,,,,,,,,,,,,,,,,,,,,,,
,IDR/USD,IDR/USD,FX,3/23/2021,Jual,100000000,"6,943",3/23/2021,"6,944",#VALUE!,"-$0,01",,,,,,,,,,,,,,,,,,,,,,,,,,,,,,,,,,,,,,,,,,,,
,ETH/XAU,ETH/XAU,Synthetic,3/23/2021,Jual,1000000,"95,586",3/23/2021,"95,845",#VALUE!,"-$4.501.109,20",,,,,,,,,,,,,,,,,,,,,,,,,,,,,,,,,,,,,,,,,,,,
,Bitcoin GBP Index,BTC/GBP,Investing.com,3/23/2021,Jual,1000000000,"38.894,3",3/23/2021,"38.706,4","0,48%","$259.922.098.616,70",,,,,,,,,,,,,,,,,,,,,,,,,,,,,,,,,,,,,,,,,,,,
,Bitcoin IDR Index,BTC/IDR,Investing.com,3/23/2021,Jual,1000000000,797.974.650,3/23/2021,798.388.163,#VALUE!,"-$286.978.022,00",,,,,,,,,,,,,,,,,,,,,,,,,,,,,,,,,,,,,,,,,,,,
,Bitcoin Cash SV IDR Index,BCHSV/IDR,Investing.com,3/23/2021,Jual,1000000000,3.169.000,3/23/2021,3.163.000,"0,19%","$4.164.600,00",,,,,,,,,,,,,,,,,,,,,,,,,,,,,,,,,,,,,,,,,,,,
,BTC/IDR,BTC/IDR,Luno,3/23/2021,Jual,1000000000,797.964.000,3/23/2021,794.500.000,"43,41%","$2.404.362.399,99",,,,,,,,,,,,,,,,,,,,,,,,,,,,,,,,,,,,,,,,,,,,
,Bitcoin,BTC/USD,Investing.com,3/23/2021,Jual,1000000000,"53.665,9",3/23/2021,"53.604,9","0,11%","$60.999.998.800,00",,,,,,,,,,,,,,,,,,,,,,,,,,,,,,,,,,,,,,,,,,,,
,Bitcoin Cash SV IDR Index,BCHSV/IDR,Investing.com,3/23/2021,Beli,1000000000,3.140.000,3/23/2021,3.169.000,"0,92%","$20.073.799,99",,,,,,,,,,,,,,,,,,,,,,,,,,,,,,,,,,,,,,,,,,,,
,BCHSV/IDR,BCHSV/IDR,Indodax,3/23/2021,Jual,1000000000,3.140.000,3/23/2021,3.169.000,#VALUE!,"-$20.073.800,01",,,,,,,,,,,,,,,,,,,,,,,,,,,,,,,,,,,,,,,,,,,,
,BTC/IDR,BTC/IDR,Luno,3/23/2021,Jual,1000000,801.852.000,3/23/2021,794.499.000,"91,70%","$5.103.717,30",,,,,,,,,,,,,,,,,,,,,,,,,,,,,,,,,,,,,,,,,,,,
,Bitcoin IDR Index,BTC/IDR,Investing.com,3/23/2021,Beli,1000000000,805.260.465,3/23/2021,797.878.585,#VALUE!,"-$5.123.024.720,07",,,,,,,,,,,,,,,,,,,,,,,,,,,,,,,,,,,,,,,,,,,,
,BTC/IDR,BTC/IDR,Luno,3/23/2021,Jual,1000000,800.000.000,3/23/2021,792.501.000,"93,74%","$5.204.306,00",,,,,,,,,,,,,,,,,,,,,,,,,,,,,,,,,,,,,,,,,,,,
,BTC/IDR,BTC/IDR,Luno,3/23/2021,Jual,1000000,802.000.000,3/23/2021,792.501.000,"118,44%","$6.592.306,00",,,,,,,,,,,,,,,,,,,,,,,,,,,,,,,,,,,,,,,,,,,,
,BTC/IDR,BTC/IDR,Luno,3/23/2021,Jual,1000000,802.000.000,3/23/2021,794.499.000,"93,53%","$5.205.694,00",,,,,,,,,,,,,,,,,,,,,,,,,,,,,,,,,,,,,,,,,,,,
,Bitcoin Cash SV IDR Index,BCHSV/IDR,Investing.com,3/23/2021,Beli,1000000000,3.115.000,3/23/2021,3.147.000,"1,03%","$22.214.400,00",,,,,,,,,,,,,,,,,,,,,,,,,,,,,,,,,,,,,,,,,,,,
,USD/IDR,USD/IDR,FX,3/23/2021,Jual,100000000,"14.425,0",3/23/2021,"14.420,0","3,47%","$347,00",,,,,,,,,,,,,,,,,,,,,,,,,,,,,,,,,,,,,,,,,,,,
,USD/IDR,USD/IDR,FX,3/23/2021,Jual,1000000000,"14.417,5",3/23/2021,"14.425,0",#VALUE!,"-$5.206,50",,,,,,,,,,,,,,,,,,,,,,,,,,,,,,,,,,,,,,,,,,,,
,BTC/IDR,BTC/IDR,Luno,3/23/2021,Jual,1000000,801.852.000,3/23/2021,796.760.000,"63,50%","$3.534.866,40",,,,,,,,,,,,,,,,,,,,,,,,,,,,,,,,,,,,,,,,,,,,
,BTC/IDR,BTC/IDR,Luno,3/23/2021,Jual,10000000,800.000.000,3/23/2021,796.760.000,"40,50%","$22.492.080,00",,,,,,,,,,,,,,,,,,,,,,,,,,,,,,,,,,,,,,,,,,,,
,BTC/IDR,BTC/IDR,Luno,3/23/2021,Jual,1000000,801.852.000,3/23/2021,796.760.000,"63,50%","$3.534.866,40",,,,,,,,,,,,,,,,,,,,,,,,,,,,,,,,,,,,,,,,,,,,
,BTC/IDR,BTC/IDR,Luno,3/23/2021,Jual,10000000,800.000.000,3/23/2021,796.760.000,"40,50%","$22.492.080,00",,,,,,,,,,,,,,,,,,,,,,,,,,,,,,,,,,,,,,,,,,,,
,Bitcoin,BTC/USD,Investing.com,3/23/2021,Jual,1000000,"53.643,1",3/23/2021,"53.384,6","0,48%","$258.499.999,00",,,,,,,,,,,,,,,,,,,,,,,,,,,,,,,,,,,,,,,,,,,,
,BTC/IDR,BTC/IDR,Luno,3/23/2021,Jual,100000000,799.900.000,3/23/2021,794.000.000,"73,76%","$409.577.999,93",,,,,,,,,,,,,,,,,,,,,,,,,,,,,,,,,,,,,,,,,,,,
,BTC/IDR,BTC/IDR,Luno,3/23/2021,Jual,1000000,812.989.000,3/23/2021,802.000.000,"135,17%","$7.627.464,90",,,,,,,,,,,,,,,,,,,,,,,,,,,,,,,,,,,,,,,,,,,,
,IDR/USD,IDR/USD,FX,3/23/2021,Jual,1000000000,"6,937",3/23/2021,"6,947",#VALUE!,"-$1,00",,,,,,,,,,,,,,,,,,,,,,,,,,,,,,,,,,,,,,,,,,,,
,EUR/IDR,EUR/IDR,FX,3/23/2021,Jual,1000000000,"17.192,1",3/23/2021,"17.190,3","1,05%","$1.250,00",,,,,,,,,,,,,,,,,,,,,,,,,,,,,,,,,,,,,,,,,,,,
,Bitcoin,BTC/USD,Investing.com,3/23/2021,Beli,1000000000,"54.467,7",3/23/2021,"54.557,5","0,16%","$89.799.999.999,00",,,,,,,,,,,,,,,,,,,,,,,,,,,,,,,,,,,,,,,,,,,,
,BTC/EUR,BTC/EUR,Kraken,3/23/2021,Jual,1000000000,"45.780,0",3/23/2021,"45.855,0",#VALUE!,"-$89.460.000.000,00",,,,,,,,,,,,,,,,,,,,,,,,,,,,,,,,,,,,,,,,,,,,
,Bitcoin GBP Index,BTC/GBP,Investing.com,3/23/2021,Jual,10000000,"39.568,8",3/23/2021,"39.494,1","0,19%","$1.034.296.000,00",,,,,,,,,,,,,,,,,,,,,,,,,,,,,,,,,,,,,,,,,,,,
,Indeks Bitcoin Euro,BTC/EUR,Investing.com,3/23/2021,Jual,200000000,"45.879,9",3/23/2021,"45.821,2","0,13%","$14.003.480.000,00",,,,,,,,,,,,,,,,,,,,,,,,,,,,,,,,,,,,,,,,,,,,
,BTC/IDR,BTC/IDR,Luno,3/23/2021,Jual,1000000000,813.375.000,3/23/2021,812.000.000,"16,90%","$955.349.999,99",,,,,,,,,,,,,,,,,,,,,,,,,,,,,,,,,,,,,,,,,,,,
,Bitcoin,BTC/USD,Investing.com,3/23/2021,Jual,200000000,"54.507,9",3/23/2021,"54.600,1",#VALUE!,"-$18.440.000.000,00",,,,,,,,,,,,,,,,,,,,,,,,,,,,,,,,,,,,,,,,,,,,
,BTC/EUR,BTC/EUR,BitStamp,3/23/2021,Jual,100000000,"45.780,6",3/23/2021,"45.862,8",#VALUE!,"-$9.804.816.000,00",,,,,,,,,,,,,,,,,,,,,,,,,,,,,,,,,,,,,,,,,,,,
,Bitcoin IDR Index,BTC/IDR,Investing.com,3/23/2021,Beli,4000000000,817.869.899,3/23/2021,815.387.902,#VALUE!,"-$6.892.009.269,63",,,,,,,,,,,,,,,,,,,,,,,,,,,,,,,,,,,,,,,,,,,,
,Indeks Bitcoin Euro,BTC/EUR,Investing.com,3/23/2021,Jual,100000000,"45.976,7",3/23/2021,"45.949,7","0,06%","$3.220.019.988,07",,,,,,,,,,,,,,,,,,,,,,,,,,,,,,,,,,,,,,,,,,,,
,BTC/EUR,BTC/EUR,Coinbase Pro,3/23/2021,Jual,2000000,"45.908,9",3/23/2021,"45.847,6","0,13%","$146.200.600,00",,,,,,,,,,,,,,,,,,,,,,,,,,,,,,,,,,,,,,,,,,,,
,BTC/EUR,BTC/EUR,Kraken,3/23/2021,Jual,1000000000,"45.844,5",3/23/2021,"45.780,0","0,14%","$76.922.700.000,00",,,,,,,,,,,,,,,,,,,,,,,,,,,,,,,,,,,,,,,,,,,,
,Bitcoin,BTC/USD,Investing.com,3/23/2021,Jual,1000000000,"54.622,2",3/23/2021,"54.473,0","0,27%","$149.199.999.000,00",,,,,,,,,,,,,,,,,,,,,,,,,,,,,,,,,,,,,,,,,,,,
,Bitcoin,BTC/USD,Investing.com,3/23/2021,Jual,1000000000,"54.922,0",3/23/2021,"54.660,4","0,48%","$261.599.999.900,00",,,,,,,,,,,,,,,,,,,,,,,,,,,,,,,,,,,,,,,,,,,,
,Bitcoin,BTC/USD,Investing.com,3/23/2021,Jual,1000000000,"54.922,0",3/23/2021,"54.695,4","0,41%","$226.599.999.900,00",,,,,,,,,,,,,,,,,,,,,,,,,,,,,,,,,,,,,,,,,,,,
,Bitcoin,BTC/USD,Investing.com,3/23/2021,Jual,2000000000,"54.864,2",3/23/2021,"54.692,9","0,31%","$342.599.999.799,99",,,,,,,,,,,,,,,,,,,,,,,,,,,,,,,,,,,,,,,,,,,,
,Bitcoin,BTC/USD,Investing.com,3/23/2021,Jual,1000000,"54.954,6",3/23/2021,"54.919,8","0,06%","$34.799.999,00",,,,,,,,,,,,,,,,,,,,,,,,,,,,,,,,,,,,,,,,,,,,
,BTC/USD,BTC/USD,Bitfinex,3/23/2021,Jual,1000000,"54.957,0",3/23/2021,"54.910,7","0,08%","$46.300.000,00",,,,,,,,,,,,,,,,,,,,,,,,,,,,,,,,,,,,,,,,,,,,
,BTC/USD,BTC/USD,Coinbase Pro,3/23/2021,Jual,1000000,"55.024,5",3/23/2021,"54.962,5","0,11%","$62.000.000,00",,,,,,,,,,,,,,,,,,,,,,,,,,,,,,,,,,,,,,,,,,,,
,Bitcoin RUB Index,BTC/RUB,Investing.com,3/23/2021,Beli,1000000000,4.038.508,3/23/2021,4.029.205,#VALUE!,"-$124.195.050.013,35",,,,,,,,,,,,,,,,,,,,,,,,,,,,,,,,,,,,,,,,,,,,
,Bitcoin IDR Index,BTC/IDR,Investing.com,3/23/2021,Beli,3000000000,819.282.727,3/23/2021,819.283.653,"0,00%","$1.926.809,93",,,,,,,,,,,,,,,,,,,,,,,,,,,,,,,,,,,,,,,,,,,,
,Bitcoin,BTC/USD,Investing.com,3/23/2021,Jual,1000000000,"54.868,5",3/23/2021,"54.892,8",#VALUE!,"-$24.300.000.100,00",,,,,,,,,,,,,,,,,,,,,,,,,,,,,,,,,,,,,,,,,,,,
,Bitcoin GBP Index,BTC/GBP,Investing.com,3/23/2021,Jual,2000000000,"39.855,4",3/23/2021,"39.804,2","0,13%","$141.731.799.861,59",,,,,,,,,,,,,,,,,,,,,,,,,,,,,,,,,,,,,,,,,,,,
,BTC/IDR,BTC/IDR,Luno,3/23/2021,Jual,3000000000,819.300.000,3/23/2021,819.299.000,"0,00%","$2.080.800,00",,,,,,,,,,,,,,,,,,,,,,,,,,,,,,,,,,,,,,,,,,,,
,BTC/GBP,BTC/GBP,Coinbase Pro,3/23/2021,Jual,1000000000,"39.850,0",3/23/2021,"39.854,7",#VALUE!,"-$6.504.330.000,00",,,,,,,,,,,,,,,,,,,,,,,,,,,,,,,,,,,,,,,,,,,,
,Bitcoin,BTC/USD,Investing.com,3/23/2021,Jual,3000000000,"55.047,2",3/23/2021,"55.006,6","0,07%","$121.800.000.000,00",,,,,,,,,,,,,,,,,,,,,,,,,,,,,,,,,,,,,,,,,,,,
,IDR/JPY,IDR/JPY,FX,3/23/2021,Beli,1000000000,"7,556",3/23/2021,"7,541",#VALUE!,"-$137,93",,,,,,,,,,,,,,,,,,,,,,,,,,,,,,,,,,,,,,,,,,,,
,IDR/USD,IDR/USD,FX,3/23/2021,Beli,1000000000,"6,934",3/23/2021,"6,937","4,33%","$0,30",,,,,,,,,,,,,,,,,,,,,,,,,,,,,,,,,,,,,,,,,,,,
,Bitcoin IDR Index,BTC/IDR,Investing.com,3/23/2021,Beli,1000000000,819.482.525,3/23/2021,818.435.404,#VALUE!,"-$726.283.125,67",,,,,,,,,,,,,,,,,,,,,,,,,,,,,,,,,,,,,,,,,,,,
,BTC/GBP,BTC/GBP,Coinbase Pro,3/23/2021,Beli,1000000000,"39.850,0",3/23/2021,"39.832,5",#VALUE!,"-$24.214.750.000,00",,,,,,,,,,,,,,,,,,,,,,,,,,,,,,,,,,,,,,,,,,,,
,Bitcoin,BTC/USD,Investing.com,3/23/2021,Jual,1000000000,"54.934,3",3/23/2021,"54.917,6","0,03%","$16.699.999.900,00",,,,,,,,,,,,,,,,,,,,,,,,,,,,,,,,,,,,,,,,,,,,
,Bitcoin,BTC/USD,Investing.com,3/23/2021,Jual,1000000000,"54.561,7",3/23/2021,"54.925,1",#VALUE!,"-$363.400.000.000,00",,,,,,,,,,,,,,,,,,,,,,,,,,,,,,,,,,,,,,,,,,,,
,Indeks Bitcoin Euro,BTC/EUR,Investing.com,3/23/2021,Jual,1000000000,"46.066,0",3/23/2021,"46.171,9",#VALUE!,"-$126.275.161.192,40",,,,,,,,,,,,,,,,,,,,,,,,,,,,,,,,,,,,,,,,,,,,
,BTC/EUR,BTC/EUR,Coinbase Pro,3/23/2021,Jual,1000000000,"46.132,5",3/23/2021,"46.097,4","7,61%","$41.853.199.999,93",,,,,,,,,,,,,,,,,,,,,,,,,,,,,,,,,,,,,,,,,,,,
,Bitcoin,BTC/USD,Investing.com,3/23/2021,Jual,1000000000,"54.909,5",3/23/2021,"54.827,1","0,15%","$82.399.999.000,00",,,,,,,,,,,,,,,,,,,,,,,,,,,,,,,,,,,,,,,,,,,,
,EUR/IDR,EUR/IDR,FX,3/23/2021,Beli,1000000000,"17.179,9",3/23/2021,"17.186,2","3,67%","$4.370,00",,,,,,,,,,,,,,,,,,,,,,,,,,,,,,,,,,,,,,,,,,,,
,Bitcoin,BTC/USD,Investing.com,3/23/2021,Beli,1000000000,"54.911,5",3/23/2021,"54.957,9","0,08%","$46.400.000.000,00",,,,,,,,,,,,,,,,,,,,,,,,,,,,,,,,,,,,,,,,,,,,
,Bitcoin IDR Index,BTC/IDR,Investing.com,3/23/2021,Beli,1000000000,817.812.513,3/23/2021,818.720.569,"0,11%","$629.827.639,93",,,,,,,,,,,,,,,,,,,,,,,,,,,,,,,,,,,,,,,,,,,,
,Bitcoin IDR Index,BTC/IDR,Investing.com,3/23/2021,Beli,1000000000,817.811.556,3/23/2021,818.719.609,"0,11%","$629.825.559,93",,,,,,,,,,,,,,,,,,,,,,,,,,,,,,,,,,,,,,,,,,,,
,Indeks Bitcoin Euro,BTC/EUR,Investing.com,3/23/2021,Jual,1000000000,"46.108,0",3/23/2021,"46.103,2","0,01%","$5.726.398.807,00",,,,,,,,,,,,,,,,,,,,,,,,,,,,,,,,,,,,,,,,,,,,
,Bitcoin,BTC/USD,Investing.com,3/23/2021,Jual,1000000000,"54.934,3",3/23/2021,"54.852,6","0,15%","$81.699.999.900,00",,,,,,,,,,,,,,,,,,,,,,,,,,,,,,,,,,,,,,,,,,,,
,Indeks Bitcoin Euro,BTC/EUR,Investing.com,3/23/2021,Jual,1000000000,"46.182,6",3/23/2021,"46.142,1","0,09%","$48.320.599.988,07",,,,,,,,,,,,,,,,,,,,,,,,,,,,,,,,,,,,,,,,,,,,
,Bitcoin,BTC/USD,Investing.com,3/23/2021,Jual,1000000000,"54.947,7",3/23/2021,"54.916,2","0,06%","$31.499.999.900,00",,,,,,,,,,,,,,,,,,,,,,,,,,,,,,,,,,,,,,,,,,,,
,BTC/IDR,BTC/IDR,Luno,3/23/2021,Jual,1000000000,819.002.000,3/23/2021,819.001.000,"0,01%","$693.499,93",,,,,,,,,,,,,,,,,,,,,,,,,,,,,,,,,,,,,,,,,,,,
,BTC/XAU,BTC/XAU,Synthetic,3/23/2021,Jual,1000000,"313,968",3/23/2021,"317,257",#VALUE!,"-$569.894.966,31",,,,,,,,,,,,,,,,,,,,,,,,,,,,,,,,,,,,,,,,,,,,
,BTC/XAU,BTC/XAU,Synthetic,3/23/2021,Jual,1000000000,"313,926",3/23/2021,"317,257",#VALUE!,"-$577.185.687.006,93",,,,,,,,,,,,,,,,,,,,,,,,,,,,,,,,,,,,,,,,,,,,
,BTC/XAU,BTC/XAU,Synthetic,3/23/2021,Jual,1000000000,"317,499",3/23/2021,"317,061","13,80%","$75.906.275.306,79",,,,,,,,,,,,,,,,,,,,,,,,,,,,,,,,,,,,,,,,,,,,
,BTC/XAU,,Synthetic,3/23/2021,Jual,1000000000,"317,545",3/23/2021,"317,061","3,81%","$83.878.167.306,79",,,,,,,,,,,,,,,,,,,,,,,,,,,,,,,,,,,,,,,,,,,,
,USD/IDR,USD/IDR,FX,3/23/2021,Jual,1000000000,"14.402,5",3/23/2021,"14.400,0","17,36%","$1.730,00",,,,,,,,,,,,,,,,,,,,,,,,,,,,,,,,,,,,,,,,,,,,
,Bitcoin RUB Index,BTC/RUB,Investing.com,3/23/2021,Beli,1000000000,4.028.808,3/23/2021,4.038.508,"0,24%","$129.494.999.998,66",,,,,,,,,,,,,,,,,,,,,,,,,,,,,,,,,,,,,,,,,,,,
,Bitcoin IDR Index,BTC/IDR,Investing.com,3/23/2021,Beli,1000000000,814.320.167,3/23/2021,819.471.452,"0,63%","$3.571.901.020,00",,,,,,,,,,,,,,,,,,,,,,,,,,,,,,,,,,,,,,,,,,,,
,BTC/GBP,BTC/GBP,Coinbase Pro,3/23/2021,Jual,1000000000,"39.987,4",3/23/2021,"39.953,3","4,26%","$47.214.899.999,93",,,,,,,,,,,,,,,,,,,,,,,,,,,,,,,,,,,,,,,,,,,,
,BTC/GBP,BTC/GBP,Coinbase Pro,3/23/2021,Jual,1000000000,"39.990,0",3/23/2021,"39.967,5","5,63%","$31.148.999.999,93",,,,,,,,,,,,,,,,,,,,,,,,,,,,,,,,,,,,,,,,,,,,
,USD/CAD,USD/CAD,FX,3/23/2021,Beli,1000000000,"12,528",3/23/2021,"12,532","3,19%","$319.239,99",,,,,,,,,,,,,,,,,,,,,,,,,,,,,,,,,,,,,,,,,,,,
,Bitcoin IDR Index,BTC/IDR,Investing.com,3/23/2021,Beli,1000000000,815.190.708,3/23/2021,819.451.107,"0,52%","$2.954.586.709,99",,,,,,,,,,,,,,,,,,,,,,,,,,,,,,,,,,,,,,,,,,,,
,Bitcoin IDR Index,BTC/IDR,Investing.com,3/23/2021,Beli,1000000000,815.543.672,3/23/2021,819.451.107,"0,48%","$2.709.415.429,99",,,,,,,,,,,,,,,,,,,,,,,,,,,,,,,,,,,,,,,,,,,,
,Bitcoin,BTC/USD,Investing.com,3/23/2021,Beli,1000000000,"54.603,0",3/23/2021,"54.653,7","0,09%","$50.699.999.990,00",,,,,,,,,,,,,,,,,,,,,,,,,,,,,,,,,,,,,,,,,,,,
,Bitcoin,BTC/USD,Investing.com,3/23/2021,Beli,1000000000,"54.602,7",3/23/2021,"54.654,2","0,09%","$51.499.999.990,00",,,,,,,,,,,,,,,,,,,,,,,,,,,,,,,,,,,,,,,,,,,,
,Bitcoin,BTC/USD,Investing.com,3/23/2021,Beli,1000000000,"54.602,7",3/23/2021,"54.617,7","0,03%","$14.999.999.990,00",,,,,,,,,,,,,,,,,,,,,,,,,,,,,,,,,,,,,,,,,,,,
,Bitcoin KRW Index,BTC/KRW,Investing.com,3/23/2021,Jual,1000000000,65.223.651,3/23/2021,65.208.608,"0,02%","$13.343.140.999,11",,,,,,,,,,,,,,,,,,,,,,,,,,,,,,,,,,,,,,,,,,,,
,BTC/KRW,BTC/KRW,Bithumb,3/23/2021,Jual,1000000000,65.169.000,3/23/2021,65.137.000,"4,91%","$28.383.999.999,31",,,,,,,,,,,,,,,,,,,,,,,,,,,,,,,,,,,,,,,,,,,,
,BTC/ETH,BTC/ETH,Synthetic,3/23/2021,Beli,1000000,"32,30",3/23/2021,"32,28",#VALUE!,"-$33.835.600,07",,,,,,,,,,,,,,,,,,,,,,,,,,,,,,,,,,,,,,,,,,,,
,Dow Jones,.DJI,NYSE,3/23/2021,Beli,1000000000,"32.731,20",3/23/2021,"32.731,20",#VALUE!,"-$10,00",,,,,,,,,,,,,,,,,,,,,,,,,,,,,,,,,,,,,,,,,,,,
,Bitcoin,BTC/USD,Investing.com,3/23/2021,Beli,1000000000,"54.579,9",3/23/2021,"54.563,4",#VALUE!,"-$16.500.000.010,00",,,,,,,,,,,,,,,,,,,,,,,,,,,,,,,,,,,,,,,,,,,,
,Bitcoin JPY Index,BTC/JPY,Investing.com,3/23/2021,Jual,1000000000,5.954.374,3/23/2021,5.949.911,"0,07%","$41.006.043.990,81",,,,,,,,,,,,,,,,,,,,,,,,,,,,,,,,,,,,,,,,,,,,
,Bitcoin,BTC/USD,Investing.com,3/23/2021,Jual,1000000000,"54.670,1",3/23/2021,"54.576,2","0,17%","$93.899.999.990,00",,,,,,,,,,,,,,,,,,,,,,,,,,,,,,,,,,,,,,,,,,,,
,USD/IDR,USD/IDR,FX,3/22/2021,Jual,1000000000,"14.402,5",3/22/2021,"14.402,5","0,00%","$0,00",,,,,,,,,,,,,,,,,,,,,,,,,,,,,,,,,,,,,,,,,,,,
,USD/GBP,USD/GBP,FX,3/22/2021,Beli,1000000000,"7,224",3/22/2021,"7,220",#VALUE!,"-$553.960,01",,,,,,,,,,,,,,,,,,,,,,,,,,,,,,,,,,,,,,,,,,,,
,USD/BTC,USD/BTC,Synthetic,3/22/2021,Jual,10000,"1,753",3/22/2021,"1,749","22,82%","$21,90",,,,,,,,,,,,,,,,,,,,,,,,,,,,,,,,,,,,,,,,,,,,
,ETH/GBP,ETH/GBP,Kraken,3/22/2021,Jual,100000000,"1.289,97",3/22/2021,"1.294,64",#VALUE!,"-$646.468.100,00",,,,,,,,,,,,,,,,,,,,,,,,,,,,,,,,,,,,,,,,,,,,
,IDR/EUR,IDR/EUR,FX,3/22/2021,Jual,1000000,6,3/22/2021,6,"0,00%","-$0,00",,,,,,,,,,,,,,,,,,,,,,,,,,,,,,,,,,,,,,,,,,,,
,Bitcoin IDR Index,BTC/IDR,Investing.com,3/22/2021,Beli,1000000,840.492.364,3/22/2021,840.332.974,#VALUE!,"-$110.744,17",,,,,,,,,,,,,,,,,,,,,,,,,,,,,,,,,,,,,,,,,,,,
,Bitcoin IDR Index,BTC/IDR,Investing.com,3/22/2021,Beli,200000000,839.642.882,3/22/2021,840.332.974,"0,08%","$95.895.183,99",,,,,,,,,,,,,,,,,,,,,,,,,,,,,,,,,,,,,,,,,,,,
,BTC/USD,BTC/USD,Bitfinex,3/22/2021,Beli,1000000,"57.150,0",3/22/2021,"57.002,0",#VALUE!,"-$148.000.000,07",,,,,,,,,,,,,,,,,,,,,,,,,,,,,,,,,,,,,,,,,,,,
,BTC/USD,BTC/USD,Bitfinex,3/22/2021,Beli,35,"57.138,0",3/22/2021,"57.138,0","0,00%","-$0,00",,,,,,,,,,,,,,,,,,,,,,,,,,,,,,,,,,,,,,,,,,,,
,BTC/USD,BTC/USD,Bitfinex,3/22/2021,Beli,50,"57.139,0",3/22/2021,"57.093,0",#VALUE!,"-$2.300,00",,,,,,,,,,,,,,,,,,,,,,,,,,,,,,,,,,,,,,,,,,,,
,BTC/USD,BTC/USD,Bitfinex,3/22/2021,Beli,20,"57.115,0",3/22/2021,"57.092,0",#VALUE!,"-$460,00",,,,,,,,,,,,,,,,,,,,,,,,,,,,,,,,,,,,,,,,,,,,
,Bitcoin,BTC/USD,Investing.com,3/22/2021,Beli,20,"57.043,8",3/22/2021,"57.097,6","0,09%","$1.071,00",,,,,,,,,,,,,,,,,,,,,,,,,,,,,,,,,,,,,,,,,,,,
,BTC/USD,BTC/USD,Bitfinex,3/22/2021,Beli,10,"57.054,0",3/22/2021,"57.103,0","8,59%","$490,00",,,,,,,,,,,,,,,,,,,,,,,,,,,,,,,,,,,,,,,,,,,,
,BTC/USD,BTC/USD,Bitfinex,3/22/2021,Beli,20,"57.021,0",3/22/2021,"57.103,0","14,38%","$1.640,00",,,,,,,,,,,,,,,,,,,,,,,,,,,,,,,,,,,,,,,,,,,,
,BTC/IDR,BTC/IDR,Luno,3/22/2021,Jual,10000,835.621.000,3/22/2021,835.631.000,#VALUE!,"-$69,50",,,,,,,,,,,,,,,,,,,,,,,,,,,,,,,,,,,,,,,,,,,,
,Bitcoin,BTC/USD,Investing.com,3/22/2021,Beli,10000,"57.092,6",3/22/2021,"57.181,5","0,16%","$888.910,00",,,,,,,,,,,,,,,,,,,,,,,,,,,,,,,,,,,,,,,,,,,,
,Bitcoin,BTC/USD,Investing.com,3/22/2021,Jual,1000000,"56.830,2",3/22/2021,"56.976,0",#VALUE!,"-$145.800.010,00",,,,,,,,,,,,,,,,,,,,,,,,,,,,,,,,,,,,,,,,,,,,
,Bitcoin IDR Index,BTC/IDR,Investing.com,3/22/2021,Beli,400000000,839.078.132,3/22/2021,840.291.000,"0,14%","$337.128.788,00",,,,,,,,,,,,,,,,,,,,,,,,,,,,,,,,,,,,,,,,,,,,
,BTC/IDR,BTC/IDR,Luno,3/22/2021,Jual,1000000,835.992.000,3/22/2021,835.621.000,"4,44%","$257.807,90",,,,,,,,,,,,,,,,,,,,,,,,,,,,,,,,,,,,,,,,,,,,
,BTC/IDR,BTC/IDR,Luno,3/22/2021,Jual,100000,835.601.000,3/22/2021,835.992.000,#VALUE!,"-$27.170,59",,,,,,,,,,,,,,,,,,,,,,,,,,,,,,,,,,,,,,,,,,,,
,BTC/IDR,BTC/IDR,Luno,3/22/2021,Jual,100000,837.400.000,3/22/2021,835.992.000,"16,81%","$97.841,92",,,,,,,,,,,,,,,,,,,,,,,,,,,,,,,,,,,,,,,,,,,,
,BTC/XAU,BTC/XAU,Synthetic,3/22/2021,Jual,1000000,"327,976",3/22/2021,"328,480",#VALUE!,"-$87.526.158,95",,,,,,,,,,,,,,,,,,,,,,,,,,,,,,,,,,,,,,,,,,,,
,BTC/IDR,BTC/IDR,Luno,3/22/2021,Jual,64000,837.400.000,3/22/2021,835.992.000,"16,81%","$62.618,83",,,,,,,,,,,,,,,,,,,,,,,,,,,,,,,,,,,,,,,,,,,,
,BTC/IDR,BTC/IDR,Luno,3/22/2021,Jual,100000,836.944.000,3/22/2021,836.889.000,"0,66%","$3.821,95",,,,,,,,,,,,,,,,,,,,,,,,,,,,,,,,,,,,,,,,,,,,
,IDR/EUR,IDR/EUR,FX,3/22/2021,Jual,10000000,6,3/22/2021,6,"0,00%","-$0,00",,,,,,,,,,,,,,,,,,,,,,,,,,,,,,,,,,,,,,,,,,,,
,Bitcoin,BTC/USD,Investing.com,3/22/2021,Jual,100000,"57.172,2",3/22/2021,"56.987,8","0,32%","$18.439.990,00",,,,,,,,,,,,,,,,,,,,,,,,,,,,,,,,,,,,,,,,,,,,
,Bitcoin,BTC/USD,Investing.com,3/22/2021,Beli,1000000,"57.083,1",3/22/2021,"57.081,7",#VALUE!,"-$1.400.010,00",,,,,,,,,,,,,,,,,,,,,,,,,,,,,,,,,,,,,,,,,,,,
,Bitcoin JPY Index,BTC/JPY,Investing.com,3/22/2021,Beli,1000000000,6.223.317,3/22/2021,6.217.314,#VALUE!,"-$55.176.574.500,92",,,,,,,,,,,,,,,,,,,,,,,,,,,,,,,,,,,,,,,,,,,,
,BTC/IDR,BTC/IDR,BitcoinIndonesia,3/22/2021,Beli,100000,842.757.000,3/22/2021,842.757.000,#VALUE!,"-$0,00",,,,,,,,,,,,,,,,,,,,,,,,,,,,,,,,,,,,,,,,,,,,
,BTC/KRW,BTC/KRW,Bithumb,3/22/2021,Jual,100000,67.260.000,3/22/2021,67.313.000,#VALUE!,"-$4.695.800,07",,,,,,,,,,,,,,,,,,,,,,,,,,,,,,,,,,,,,,,,,,,,
,BTC/IDR,BTC/IDR,Luno,3/22/2021,Jual,1000000000,834.671.000,3/22/2021,837.550.000,#VALUE!,"-$1.999.753.400,00",,,,,,,,,,,,,,,,,,,,,,,,,,,,,,,,,,,,,,,,,,,,
,GBP/IDR,GBP/IDR,FX,3/22/2021,Jual,1000000000,"19.918,7",3/22/2021,"19.920,1",#VALUE!,"-$972,02",,,,,,,,,,,,,,,,,,,,,,,,,,,,,,,,,,,,,,,,,,,,
,IDR/USD,IDR/USD,FX,3/22/2021,Jual,1000000000,"6,951",3/22/2021,"6,943","11,51%","$0,80",,,,,,,,,,,,,,,,,,,,,,,,,,,,,,,,,,,,,,,,,,,,
,Bitcoin,BTC/USD,Investing.com,3/22/2021,Jual,1000000000,"56.713,1",3/22/2021,"57.104,2",#VALUE!,"-$391.100.000.010,00",,,,,,,,,,,,,,,,,,,,,,,,,,,,,,,,,,,,,,,,,,,,
,Bitcoin IDR Index,BTC/IDR,Investing.com,3/22/2021,Beli,100000000,839.114.671,3/22/2021,839.082.727,#VALUE!,"-$2.217.871,92",,,,,,,,,,,,,,,,,,,,,,,,,,,,,,,,,,,,,,,,,,,,
,EUR/IDR,EUR/IDR,FX,3/22/2021,Jual,1000000000,"17.168,5",3/22/2021,"17.160,6","4,60%","$5.480,00",,,,,,,,,,,,,,,,,,,,,,,,,,,,,,,,,,,,,,,,,,,,
,Ferrari NV,RACE.MI,MI,3/22/2021,Beli,1000000000,"169,60",3/22/2021,"169,60",#VALUE!,"-$1,19",,,,,,,,,,,,,,,,,,,,,,,,,,,,,,,,,,,,,,,,,,,,
,Bitcoin JPY Index,BTC/JPY,Investing.com,3/22/2021,Beli,100000000,6.220.309,3/22/2021,6.164.886,#VALUE!,"-$50.936.508.150,92",,,,,,,,,,,,,,,,,,,,,,,,,,,,,,,,,,,,,,,,,,,,
,Indeks Bitcoin Euro,BTC/EUR,Investing.com,3/22/2021,Beli,100000000,"47.998,4",3/22/2021,"47.606,3",#VALUE!,"-$46.710.873.011,91",,,,,,,,,,,,,,,,,,,,,,,,,,,,,,,,,,,,,,,,,,,,
,Bitcoin KRW Index,BTC/KRW,Investing.com,3/22/2021,Beli,100000000,67.024.552,3/22/2021,66.248.992,#VALUE!,"-$68.714.616.000,09",,,,,,,,,,,,,,,,,,,,,,,,,,,,,,,,,,,,,,,,,,,,
,Bitcoin IDR Index,BTC/IDR,Investing.com,3/22/2021,Beli,100000000,841.565.958,3/22/2021,840.815.986,#VALUE!,"-$52.063.056,24",,,,,,,,,,,,,,,,,,,,,,,,,,,,,,,,,,,,,,,,,,,,
,Bitcoin,BTC/USD,Investing.com,3/22/2021,Jual,100000,"57.551,0",3/22/2021,"57.238,3","0,54%","$31.269.998,80",,,,,,,,,,,,,,,,,,,,,,,,,,,,,,,,,,,,,,,,,,,,
,BTC/USD,BTC/USD,Binance,3/22/2021,Jual,100,"57.516,1",3/22/2021,"57.239,1","0,48%","$27.700,00",,,,,,,,,,,,,,,,,,,,,,,,,,,,,,,,,,,,,,,,,,,,
,BTC/USD,BTC/USD,Poloniex,3/22/2021,Jual,100,"57.495,3",3/22/2021,"57.255,0","0,42%","$24.030,00",,,,,,,,,,,,,,,,,,,,,,,,,,,,,,,,,,,,,,,,,,,,
,BTC/IDR,BTC/IDR,BitcoinIndonesia,3/22/2021,Jual,1000000,845.601.000,3/22/2021,842.399.000,"0,38%","$2.225.710,20",,,,,,,,,,,,,,,,,,,,,,,,,,,,,,,,,,,,,,,,,,,,
,BTC/IDR,BTC/IDR,BitcoinIndonesia,3/22/2021,Jual,1000000,843.071.000,3/22/2021,842.756.000,"3,74%","$218.956,50",,,,,,,,,,,,,,,,,,,,,,,,,,,,,,,,,,,,,,,,,,,,
,BTC/IDR,BTC/IDR,BitcoinIndonesia,3/22/2021,Jual,1000000,845.643.000,3/22/2021,842.756.000,"0,34%","$2.006.753,70",,,,,,,,,,,,,,,,,,,,,,,,,,,,,,,,,,,,,,,,,,,,
,IDR/EUR,IDR/EUR,FX,3/22/2021,Jual,1000000000,6,3/22/2021,6,"0,00%","-$0,00",,,,,,,,,,,,,,,,,,,,,,,,,,,,,,,,,,,,,,,,,,,,
,BTC/IDR,BTC/IDR,BitcoinIndonesia,3/22/2021,Jual,1000000,845.601.000,3/22/2021,842.763.000,"33,56%","$1.973.261,40",,,,,,,,,,,,,,,,,,,,,,,,,,,,,,,,,,,,,,,,,,,,
,Bitcoin IDR Index,BTC/IDR,Investing.com,3/22/2021,Beli,100000000,850.479.605,3/22/2021,843.880.160,#VALUE!,"-$458.463.444,16",,,,,,,,,,,,,,,,,,,,,,,,,,,,,,,,,,,,,,,,,,,,
,BTC/USD,BTC/USD,Bitfinex,3/22/2021,Jual,1000000,"57.540,0",3/22/2021,"57.386,0","0,27%","$154.000.000,00",,,,,,,,,,,,,,,,,,,,,,,,,,,,,,,,,,,,,,,,,,,,
,BTC/USD,BTC/USD,Bitfinex,3/22/2021,Jual,1000000,"57.539,0",3/22/2021,"57.372,0","0,29%","$167.000.000,00",,,,,,,,,,,,,,,,,,,,,,,,,,,,,,,,,,,,,,,,,,,,
,BTC/USD,BTC/USD,Bitfinex,3/22/2021,Jual,1000000,"57.523,0",3/22/2021,"57.463,0","0,10%","$60.000.000,00",,,,,,,,,,,,,,,,,,,,,,,,,,,,,,,,,,,,,,,,,,,,
,Emas,GCJ1,ICE,3/22/2021,Beli,1000000,"1.731,05",3/22/2021,"1.733,10","0,12%","$204.999.999,00",,,,,,,,,,,,,,,,,,,,,,,,,,,,,,,,,,,,,,,,,,,,
,Emas,GCJ1,ICE,3/22/2021,Jual,1000000,"1.728,15",3/22/2021,"1.730,75",#VALUE!,"-$2.600.000.012,00",,,,,,,,,,,,,,,,,,,,,,,,,,,,,,,,,,,,,,,,,,,,
,BTC/IDR,BTC/IDR,Luno,3/22/2021,Jual,10000000,844.995.000,3/22/2021,845.101.000,#VALUE!,"-$735.958,00",,,,,,,,,,,,,,,,,,,,,,,,,,,,,,,,,,,,,,,,,,,,
,Emas,GCJ1,ICE,3/22/2021,Jual,100000000,"1.730,35",3/22/2021,"1.731,00",#VALUE!,"-$6.500.000.000,00",,,,,,,,,,,,,,,,,,,,,,,,,,,,,,,,,,,,,,,,,,,,
,BTC/GBP,BTC/GBP,Coinbase Pro,3/22/2021,Jual,10000000,"41.968,0",3/22/2021,"41.918,7","0,12%","$682.805.000,00",,,,,,,,,,,,,,,,,,,,,,,,,,,,,,,,,,,,,,,,,,,,
,Emas,GCJ1,ICE,3/22/2021,Jual,100000,"1.729,70",3/22/2021,"1.732,55",#VALUE!,"-$28.500.000,02",,,,,,,,,,,,,,,,,,,,,,,,,,,,,,,,,,,,,,,,,,,,
,Emas,GCJ1,ICE,3/22/2021,Jual,100000,"1.729,85",3/22/2021,"1.732,55",#VALUE!,"-$27.000.000,00",,,,,,,,,,,,,,,,,,,,,,,,,,,,,,,,,,,,,,,,,,,,
,Bitcoin IDR Index,BTC/IDR,Investing.com,3/22/2021,Beli,10000000,843.596.000,3/22/2021,852.022.965,"1,00%","$58.567.406,70",,,,,,,,,,,,,,,,,,,,,,,,,,,,,,,,,,,,,,,,,,,,
,Bitcoin KRW Index,BTC/KRW,Investing.com,3/22/2021,Beli,1000000000,67.413.325,3/22/2021,67.993.188,"0,86%","$514.338.480.998,94",,,,,,,,,,,,,,,,,,,,,,,,,,,,,,,,,,,,,,,,,,,,
,Bitcoin IDR Index,BTC/IDR,Investing.com,3/22/2021,Beli,1000000000,841.880.515,3/22/2021,844.778.704,"0,34%","$2.012.502.440,00",,,,,,,,,,,,,,,,,,,,,,,,,,,,,,,,,,,,,,,,,,,,
,BTC/XAU,BTC/XAU,Synthetic,3/22/2021,Beli,1000000000,"331,324",3/22/2021,"333,230","5,75%","$330.111.575.991,70",,,,,,,,,,,,,,,,,,,,,,,,,,,,,,,,,,,,,,,,,,,,
,Bitcoin KRW Index,BTC/KRW,Investing.com,3/22/2021,Beli,1000000000,67.305.669,3/22/2021,67.663.239,"0,53%","$317.164.589.998,91",,,,,,,,,,,,,,,,,,,,,,,,,,,,,,,,,,,,,,,,,,,,
,Emas,GCJ1,ICE,3/22/2021,Beli,10000,"1.727,90",3/22/2021,"1.730,15","0,13%","$2.249.999,00",,,,,,,,,,,,,,,,,,,,,,,,,,,,,,,,,,,,,,,,,,,,
,Bitcoin,BTC/USD,Investing.com,3/22/2021,Jual,1000000000,"57.202,9",3/22/2021,"57.216,7",#VALUE!,"-$13.800.000.011,00",,,,,,,,,,,,,,,,,,,,,,,,,,,,,,,,,,,,,,,,,,,,
,Emas,GCJ1,ICE,3/22/2021,Jual,1000000,"1.727,65",3/22/2021,"1.729,30",#VALUE!,"-$165.000.098,00",,,,,,,,,,,,,,,,,,,,,,,,,,,,,,,,,,,,,,,,,,,,
,XAUR/USD,XAUR/USD,Synthetic,3/22/2021,Beli,10000000,"29,748",3/22/2021,"30,052","25,55%","$3.040,00",,,,,,,,,,,,,,,,,,,,,,,,,,,,,,,,,,,,,,,,,,,,
,Xaurum Index,XAUR/USD,Investing.com,3/22/2021,Beli,1000000000,"30,086",3/22/2021,"30,052",#VALUE!,"-$34.003,00",,,,,,,,,,,,,,,,,,,,,,,,,,,,,,,,,,,,,,,,,,,,
,Bitcoin GBP Index,BTC/GBP,Investing.com,3/22/2021,Jual,100000,"41.372,7",3/22/2021,"41.355,8","0,04%","$2.342.168,61",,,,,,,,,,,,,,,,,,,,,,,,,,,,,,,,,,,,,,,,,,,,
,Xaurum Index,XAUR/USD,Investing.com,3/22/2021,Beli,1000000000,"30,069",3/22/2021,"30,052",#VALUE!,"-$17.003,00",,,,,,,,,,,,,,,,,,,,,,,,,,,,,,,,,,,,,,,,,,,,
,Bitcoin IDR Index,BTC/IDR,Investing.com,3/22/2021,Beli,10000000,847.896.832,3/22/2021,848.822.588,"0,11%","$6.417.340,59",,,,,,,,,,,,,,,,,,,,,,,,,,,,,,,,,,,,,,,,,,,,
,Bitcoin,BTC/USD,Investing.com,3/22/2021,Jual,1000000,"57.583,5",3/22/2021,"57.734,1",#VALUE!,"-$150.600.001,00",,,,,,,,,,,,,,,,,,,,,,,,,,,,,,,,,,,,,,,,,,,,
,ETH/XAU,ETH/XAU,Synthetic,3/22/2021,Jual,1000000000,"102,942",3/22/2021,"103,374",#VALUE!,"-$7.492.219.200,01",,,,,,,,,,,,,,,,,,,,,,,,,,,,,,,,,,,,,,,,,,,,
,Indeks Bitcoin Euro,BTC/EUR,Investing.com,3/22/2021,Beli,1000000,"48.534,1",3/22/2021,"48.640,6","0,22%","$126.660.394,05",,,,,,,,,,,,,,,,,,,,,,,,,,,,,,,,,,,,,,,,,,,,
,BTC/ETH,BTC/ETH,Synthetic,3/22/2021,Jual,1000000,"32,14",3/22/2021,"32,16",#VALUE!,"-$35.798.000,07",,,,,,,,,,,,,,,,,,,,,,,,,,,,,,,,,,,,,,,,,,,,
,BTC/XAU,BTC/XAU,Synthetic,3/22/2021,Jual,1000000,"330,261",3/22/2021,"331,690",#VALUE!,"-$248.491.737,56",,,,,,,,,,,,,,,,,,,,,,,,,,,,,,,,,,,,,,,,,,,,
,BTC/XAU,BTC/XAU,Synthetic,3/22/2021,Jual,100000,"330,467",3/22/2021,"331,690",#VALUE!,"-$21.268.826,80",,,,,,,,,,,,,,,,,,,,,,,,,,,,,,,,,,,,,,,,,,,,
,Bitcoin SAR Index,BTC/SAR,Investing.com,3/22/2021,Beli,100000000,"216.011,4",3/22/2021,"216.510,6","0,23%","$13.308.669.973,34",,,,,,,,,,,,,,,,,,,,,,,,,,,,,,,,,,,,,,,,,,,,
,BTC/IDR,BTC/IDR,BitcoinIndonesia,3/22/2021,Jual,1000000,846.064.000,3/22/2021,846.064.000,"0,00%","-$0,00",,,,,,,,,,,,,,,,,,,,,,,,,,,,,,,,,,,,,,,,,,,,
,Indeks Bitcoin Euro,BTC/EUR,Investing.com,3/22/2021,Beli,1000000,"48.611,6",3/22/2021,"48.397,4",#VALUE!,"-$254.855.177,85",,,,,,,,,,,,,,,,,,,,,,,,,,,,,,,,,,,,,,,,,,,,
,Bitcoin RUB Index,BTC/RUB,Investing.com,3/22/2021,Beli,1000000,4.172.055,3/22/2021,4.152.810,#VALUE!,"-$259.037.700,26",,,,,,,,,,,,,,,,,,,,,,,,,,,,,,,,,,,,,,,,,,,,
,BTC/XAU,BTC/XAU,Synthetic,3/22/2021,Jual,1000000,"330,320",3/22/2021,"330,320","0,00%","-$69,59",,,,,,,,,,,,,,,,,,,,,,,,,,,,,,,,,,,,,,,,,,,,
,Bitcoin SAR Index,BTC/SAR,Investing.com,3/22/2021,Beli,10000000,"216.058,7",3/22/2021,"215.532,1",#VALUE!,"-$1.403.915.639,99",,,,,,,,,,,,,,,,,,,,,,,,,,,,,,,,,,,,,,,,,,,,
,Bitcoin IDR Index,BTC/IDR,Investing.com,3/22/2021,Beli,10000000,845.685.214,3/22/2021,844.877.471,#VALUE!,"-$5.602.505,46",,,,,,,,,,,,,,,,,,,,,,,,,,,,,,,,,,,,,,,,,,,,
,BTC/ETH,BTC/ETH,Synthetic,3/22/2021,Jual,1000000,"32,15",3/22/2021,"32,14","3,11%","$17.829.299,32",,,,,,,,,,,,,,,,,,,,,,,,,,,,,,,,,,,,,,,,,,,,
,Bitcoin GBP Index,BTC/GBP,Investing.com,3/22/2021,Beli,10000000,"41.642,6",3/22/2021,"41.457,8",#VALUE!,"-$2.560.404.013,85",,,,,,,,,,,,,,,,,,,,,,,,,,,,,,,,,,,,,,,,,,,,
,Indeks Bitcoin Euro,BTC/EUR,Investing.com,3/22/2021,Beli,100000,"48.273,8",3/22/2021,"48.323,8","0,10%","$5.946.498,81",,,,,,,,,,,,,,,,,,,,,,,,,,,,,,,,,,,,,,,,,,,,
,BTC/RUB,BTC/RUB,Exmo,3/22/2021,Jual,10000,4.166.642,3/22/2021,4.159.010,"0,18%","$1.027.266,78",,,,,,,,,,,,,,,,,,,,,,,,,,,,,,,,,,,,,,,,,,,,
,BTC/USD,BTC/USD,Bitfinex,3/22/2021,Jual,1000,"57.684,0",3/22/2021,"57.321,0","0,63%","$363.000,00",,,,,,,,,,,,,,,,,,,,,,,,,,,,,,,,,,,,,,,,,,,,
,BTC/XAU,BTC/XAU,Synthetic,3/22/2021,Jual,1000000,"330,779",3/22/2021,"329,591","35,92%","$206.796.278,37",,,,,,,,,,,,,,,,,,,,,,,,,,,,,,,,,,,,,,,,,,,,
,BTC/XAU,BTC/XAU,Synthetic,3/22/2021,Jual,1000000,"330,963",3/22/2021,"329,591","41,45%","$238.833.574,37",,,,,,,,,,,,,,,,,,,,,,,,,,,,,,,,,,,,,,,,,,,,
,Bitcoin GBP Index,BTC/GBP,Investing.com,3/22/2021,Beli,1000000,"41.642,6",3/22/2021,"41.448,8",#VALUE!,"-$268.471.153,85",,,,,,,,,,,,,,,,,,,,,,,,,,,,,,,,,,,,,,,,,,,,
,BTC/XAU,BTC/XAU,Synthetic,3/22/2021,Jual,1000000,"330,937",3/22/2021,"329,915","30,88%","$177.918.888,36",,,,,,,,,,,,,,,,,,,,,,,,,,,,,,,,,,,,,,,,,,,,
,Bitcoin GBP Index,BTC/GBP,Investing.com,3/22/2021,Beli,1000000,"41.642,6",3/22/2021,"41.472,3",#VALUE!,"-$235.899.573,85",,,,,,,,,,,,,,,,,,,,,,,,,,,,,,,,,,,,,,,,,,,,
,BTC/ETH,BTC/ETH,Synthetic,3/22/2021,Jual,1000000000,"32,18",3/22/2021,"32,17","3,11%","$17.864.799.999,93",,,,,,,,,,,,,,,,,,,,,,,,,,,,,,,,,,,,,,,,,,,,
,BTC/USD,BTC/USD,Bitfinex,3/22/2021,Jual,1000000,"57.637,0",3/22/2021,"57.415,0","38,52%","$221.999.999,99",,,,,,,,,,,,,,,,,,,,,,,,,,,,,,,,,,,,,,,,,,,,
,BTC/USD,BTC/USD,Bitfinex,3/22/2021,Jual,1000000,"57.637,0",3/22/2021,"57.415,0","38,52%","$221.999.999,99",,,,,,,,,,,,,,,,,,,,,,,,,,,,,,,,,,,,,,,,,,,,
,Bitcoin GBP Index,BTC/GBP,Investing.com,3/22/2021,Beli,1000000,"41.644,7",3/22/2021,"41.490,5",#VALUE!,"-$213.613.271,08",,,,,,,,,,,,,,,,,,,,,,,,,,,,,,,,,,,,,,,,,,,,
,BCH/BTC,BCH/BTC,Bittrex,3/22/2021,Jual,1000000000,904,3/22/2021,902,"22,12%","$1.148.019.999,30",,,,,,,,,,,,,,,,,,,,,,,,,,,,,,,,,,,,,,,,,,,,
,Bitcoin IDR Index,BTC/IDR,Investing.com,3/22/2021,Jual,100000000,845.418.286,3/22/2021,845.628.126,#VALUE!,"-$14.548.207,20",,,,,,,,,,,,,,,,,,,,,,,,,,,,,,,,,,,,,,,,,,,,
,BTC/USD,BTC/USD,Bitfinex,3/22/2021,Jual,1000000,"57.638,0",3/22/2021,"57.449,0","32,79%","$188.999.999,99",,,,,,,,,,,,,,,,,,,,,,,,,,,,,,,,,,,,,,,,,,,,
,BTC/USD,BTC/USD,Bitfinex,3/22/2021,Jual,1000000,"57.462,7",3/22/2021,"57.449,0","2,38%","$13.699.999,99",,,,,,,,,,,,,,,,,,,,,,,,,,,,,,,,,,,,,,,,,,,,
,BTC/KRW,BTC/KRW,Bithumb,3/22/2021,Jual,1000000,67.440.000,3/22/2021,67.303.000,"20,31%","$121.244.999,31",,,,,,,,,,,,,,,,,,,,,,,,,,,,,,,,,,,,,,,,,,,,
,BTC/EUR,BTC/EUR,Kraken,3/22/2021,Jual,100000,"48.652,1",3/22/2021,"48.442,3","0,43%","$24.951.509,99",,,,,,,,,,,,,,,,,,,,,,,,,,,,,,,,,,,,,,,,,,,,
,Indeks Bitcoin Euro,BTC/EUR,Investing.com,3/22/2021,Beli,100000000,"48.581,8",3/22/2021,"48.415,4",#VALUE!,"-$19.789.952.118,93",,,,,,,,,,,,,,,,,,,,,,,,,,,,,,,,,,,,,,,,,,,,
,Bitcoin IDR Index,BTC/IDR,Investing.com,3/22/2021,Beli,100000000,845.669.114,3/22/2021,845.932.288,"0,03%","$18.245.852,99",,,,,,,,,,,,,,,,,,,,,,,,,,,,,,,,,,,,,,,,,,,,
,BTC/USD,BTC/USD,Bitfinex,3/22/2021,Jual,1000000,"57.617,0",3/22/2021,"57.633,0",#VALUE!,"-$16.000.000,01",,,,,,,,,,,,,,,,,,,,,,,,,,,,,,,,,,,,,,,,,,,,
,BTC/USD,BTC/USD,Bitfinex,3/22/2021,Jual,1000000,"57.748,0",3/22/2021,"57.637,0","19,22%","$110.999.999,99",,,,,,,,,,,,,,,,,,,,,,,,,,,,,,,,,,,,,,,,,,,,
,BTC/EUR,BTC/EUR,Kraken,3/22/2021,Jual,10000000,"48.664,4",3/22/2021,"48.639,8","20,22%","$292.690.999,99",,,,,,,,,,,,,,,,,,,,,,,,,,,,,,,,,,,,,,,,,,,,
,BTC/USD,BTC/USD,Bitfinex,3/22/2021,Jual,100000,"57.687,0",3/22/2021,"57.748,0",#VALUE!,"-$6.100.000,01",,,,,,,,,,,,,,,,,,,,,,,,,,,,,,,,,,,,,,,,,,,,
,BTC/USD,BTC/USD,Bitfinex,3/22/2021,Jual,1200,"57.563,0",3/22/2021,"57.494,0","0,12%","$82.800,00",,,,,,,,,,,,,,,,,,,,,,,,,,,,,,,,,,,,,,,,,,,,
,Bitcoin GBP Index,BTC/GBP,Investing.com,3/22/2021,Beli,1000000,"41.453,6",3/22/2021,"41.453,6","0,00%","-$13,84",,,,,,,,,,,,,,,,,,,,,,,,,,,,,,,,,,,,,,,,,,,,
,BTC/IDR,BTC/IDR,Luno,3/22/2021,Jual,1000,841.550.000,3/22/2021,841.299.000,"0,30%","$174,22",,,,,,,,,,,,,,,,,,,,,,,,,,,,,,,,,,,,,,,,,,,,
,Bitcoin IDR Index,BTC/IDR,Investing.com,3/22/2021,Beli,1000000,840.159.351,3/22/2021,842.189.625,"0,24%","$1.406.776,84",,,,,,,,,,,,,,,,,,,,,,,,,,,,,,,,,,,,,,,,,,,,
,BTC/KRW,BTC/KRW,Bithumb,3/22/2021,Jual,640000,67.208.000,3/22/2021,67.432.000,#VALUE!,"-$126.873.600,07",,,,,,,,,,,,,,,,,,,,,,,,,,,,,,,,,,,,,,,,,,,,
,Indeks Bitcoin Euro,BTC/EUR,Investing.com,3/22/2021,Beli,1000000,"47.711,9",3/22/2021,"48.068,4","0,75%","$424.021.086,92",,,,,,,,,,,,,,,,,,,,,,,,,,,,,,,,,,,,,,,,,,,,
,Bitcoin,BTC/USD,Investing.com,3/22/2021,Jual,100000,"57.013,0",3/22/2021,"57.030,8",#VALUE!,"-$1.780.006,00",,,,,,,,,,,,,,,,,,,,,,,,,,,,,,,,,,,,,,,,,,,,
,BTC/USD,BTC/USD,Bitfinex,3/22/2021,Jual,200000,"57.095,0",3/22/2021,"57.057,0","6,66%","$7.600.000,00",,,,,,,,,,,,,,,,,,,,,,,,,,,,,,,,,,,,,,,,,,,,
,Bitcoin,BTC/USD,Investing.com,3/22/2021,Jual,300000,"57.020,2",3/22/2021,"57.019,8","0,00%","$119.990,00",,,,,,,,,,,,,,,,,,,,,,,,,,,,,,,,,,,,,,,,,,,,
,Bitcoin IDR Index,BTC/IDR,Investing.com,3/22/2021,Beli,1000000,837.511.353,3/22/2021,838.749.893,"0,15%","$857.936,66",,,,,,,,,,,,,,,,,,,,,,,,,,,,,,,,,,,,,,,,,,,,
,Bitcoin,BTC/USD,Investing.com,3/22/2021,Jual,100000,"56.892,2",3/22/2021,"56.975,0",#VALUE!,"-$8.280.009,00",,,,,,,,,,,,,,,,,,,,,,,,,,,,,,,,,,,,,,,,,,,,
,Bitcoin,BTC/USD,Investing.com,3/22/2021,Jual,100000,"56.856,8",3/22/2021,"56.975,0",#VALUE!,"-$11.820.008,00",,,,,,,,,,,,,,,,,,,,,,,,,,,,,,,,,,,,,,,,,,,,
,Bitcoin,BTC/USD,Investing.com,3/22/2021,Jual,100000,"56.910,0",3/22/2021,"56.971,0",#VALUE!,"-$6.100.010,00",,,,,,,,,,,,,,,,,,,,,,,,,,,,,,,,,,,,,,,,,,,,
,BTC/IDR,BTC/IDR,Luno,3/22/2021,Jual,10000,835.834.000,3/22/2021,833.039.000,"16,72%","$19.360,96",,,,,,,,,,,,,,,,,,,,,,,,,,,,,,,,,,,,,,,,,,,,
,Bitcoin,BTC/USD,Investing.com,3/22/2021,Jual,64000,"56.857,5",3/22/2021,"56.937,2",#VALUE!,"-$5.100.810,00",,,,,,,,,,,,,,,,,,,,,,,,,,,,,,,,,,,,,,,,,,,,
,BTC/IDR,BTC/IDR,Luno,3/22/2021,Jual,10000,835.000.000,3/22/2021,833.039.000,"11,74%","$13.583,85",,,,,,,,,,,,,,,,,,,,,,,,,,,,,,,,,,,,,,,,,,,,
,BTC/IDR,BTC/IDR,Luno,3/22/2021,Jual,10000,835.834.000,3/22/2021,835.000.000,"9,98%","$5.775,44",,,,,,,,,,,,,,,,,,,,,,,,,,,,,,,,,,,,,,,,,,,,
,BTC/IDR,BTC/IDR,BitcoinIndonesia,3/22/2021,Beli,64000,838.557.000,3/22/2021,838.556.000,#VALUE!,"-$44,33",,,,,,,,,,,,,,,,,,,,,,,,,,,,,,,,,,,,,,,,,,,,
,BTC/IDR,BTC/IDR,Luno,3/22/2021,Jual,64000,835.835.000,3/22/2021,836.440.000,#VALUE!,"-$26.809,73",,,,,,,,,,,,,,,,,,,,,,,,,,,,,,,,,,,,,,,,,,,,
,BTC/IDR,BTC/IDR,BitcoinIndonesia,3/22/2021,Jual,64000,837.005.000,3/22/2021,838.998.000,#VALUE!,"-$88.380,79",,,,,,,,,,,,,,,,,,,,,,,,,,,,,,,,,,,,,,,,,,,,
,BTC/IDR,BTC/IDR,BitcoinIndonesia,3/22/2021,Jual,64000,837.030.000,3/22/2021,838.557.000,#VALUE!,"-$67.715,74",,,,,,,,,,,,,,,,,,,,,,,,,,,,,,,,,,,,,,,,,,,,
,BTC/IDR,BTC/IDR,BitcoinIndonesia,3/22/2021,Jual,64000,838.471.000,3/22/2021,837.005.000,"8,74%","$64.973,11",,,,,,,,,,,,,,,,,,,,,,,,,,,,,,,,,,,,,,,,,,,,
,Bitcoin,BTC/USD,Investing.com,3/22/2021,Beli,100000,"56.479,0",3/22/2021,"56.932,5","0,80%","$45.349.999,00",,,,,,,,,,,,,,,,,,,,,,,,,,,,,,,,,,,,,,,,,,,,
,BTC/IDR,BTC/IDR,BitcoinIndonesia,3/22/2021,Jual,100000,835.312.000,3/22/2021,838.496.000,#VALUE!,"-$220.492,01",,,,,,,,,,,,,,,,,,,,,,,,,,,,,,,,,,,,,,,,,,,,
,BTC/IDR,BTC/IDR,BitcoinIndonesia,3/22/2021,Jual,64000,836.722.000,3/22/2021,838.496.000,#VALUE!,"-$78.623,69",,,,,,,,,,,,,,,,,,,,,,,,,,,,,,,,,,,,,,,,,,,,
,BTC/IDR,BTC/IDR,BitcoinIndonesia,3/22/2021,Jual,64000,838.455.000,3/22/2021,838.496.000,#VALUE!,"-$1.817,13",,,,,,,,,,,,,,,,,,,,,,,,,,,,,,,,,,,,,,,,,,,,
,BTC/IDR,BTC/IDR,BitcoinIndonesia,3/22/2021,Jual,100000,838.865.000,3/22/2021,839.000.000,#VALUE!,"-$9.348,76",,,,,,,,,,,,,,,,,,,,,,,,,,,,,,,,,,,,,,,,,,,,
,BTC/IDR,BTC/IDR,BitcoinIndonesia,3/22/2021,Jual,64000,839.705.000,3/22/2021,839.313.000,"4,67%","$17.383,47",,,,,,,,,,,,,,,,,,,,,,,,,,,,,,,,,,,,,,,,,,,,
,BTC/IDR,BTC/IDR,BitcoinIndonesia,3/22/2021,Jual,100000,836.725.000,3/22/2021,,"0,21%","$119.162,03",,,,,,,,,,,,,,,,,,,,,,,,,,,,,,,,,,,,,,,,,,,,
,Indeks Bitcoin Euro,BTC/EUR,Investing.com,3/22/2021,Beli,1000000,"47.653,7",3/22/2021,"47.660,9","0,02%","$8.558.598,81",,,,,,,,,,,,,,,,,,,,,,,,,,,,,,,,,,,,,,,,,,,,
,Bank Central Asia,BBCA.JK,JK,3/22/2021,Jual,3000000,33.8,3/22/2021,33.2,"1,78%","$1.246,32",,,,,,,,,,,,,,,,,,,,,,,,,,,,,,,,,,,,,,,,,,,,
,Indeks Bitcoin Euro,BTC/EUR,Investing.com,3/22/2021,Beli,1000000,"47.676,5",3/22/2021,"47.683,4","0,01%","$8.201.292,87",,,,,,,,,,,,,,,,,,,,,,,,,,,,,,,,,,,,,,,,,,,,
,BTC/XAU,BTC/XAU,Synthetic,3/21/2021,Beli,800,"324,272",3/21/2021,"324,177",#VALUE!,"-$13.265,04",,,,,,,,,,,,,,,,,,,,,,,,,,,,,,,,,,,,,,,,,,,,
,BTC/XAU,BTC/XAU,Synthetic,3/21/2021,Jual,100,"321,909",3/21/2021,"321,765","22,37%","$2.512,16",,,,,,,,,,,,,,,,,,,,,,,,,,,,,,,,,,,,,,,,,,,,
,BTC/IDR,BTC/IDR,Luno,3/21/2021,Beli,100,824.300.000,3/21/2021,825.440.000,"69,15%","$79,28",,,,,,,,,,,,,,,,,,,,,,,,,,,,,,,,,,,,,,,,,,,,
,Bitcoin IDR Index,BTC/IDR,Investing.com,3/21/2021,Beli,100,828.824.491,3/21/2021,828.766.460,#VALUE!,"-$4,04",,,,,,,,,,,,,,,,,,,,,,,,,,,,,,,,,,,,,,,,,,,,
,BTC/XAU,BTC/XAU,Synthetic,3/21/2021,Jual,1000,"322,123",3/21/2021,"321,616","78,70%","$88.490,03",,,,,,,,,,,,,,,,,,,,,,,,,,,,,,,,,,,,,,,,,,,,
,,,,,,,,,,,,,,,,,,,,,,,,,,,,,,,,,,,,,,,,,,,,,,,,,,,,,,,
P/L Tertutup,"$4.701.125.882.659,66",,,,,,,,,,,,,,,,,,,,,,,,,,,,,,,,,,,,,,,,,,,,,,,,,,,,,,
,,,,,,,,,,,,,,,,,,,,,,,,,,,,,,,,,,,,,,,,,,,,,,,,,,,,,,,
,,,,,,,,,,,,,,,,,,,,,,,,,,,,,,,,,,,,,,,,,,,,,,,,,,,,,,,
835.004.000,,,,,,,,,,,,,,,,,,,,,,,,,,,,,,,,,,,,,,,,,,,,,,,,,,,,,,,
"$1.247.646.400,00",,,,,,,,,,,,,,,,,,,,,,,,,,,,,,,,,,,,,,,,,,,,,,,,,,,,,,,
